,label,tweets,sentiment
98000,1,USER_MENTION faktor penentu kelulusan ujian nasional LINK,0
98001,1,USER_MENTION lagu warrior lagu ini cocok buat para pelajar yang mau ujian nasional fightforthefuckupz LINK,0
98002,0,USER_MENTION ljun hanya dapat digunakan pada naskah soal yang menjadi pasangannya USER_MENTION lembar soal ujian nasional sepaket dengan ljun,0
98003,1,USER_MENTION ujian nasional tinggal menghitung hari.,0
98004,1,astaga USER_MENTION ayo kakak2 yg mau pada ujian nasional nih dikasih jadwalnya biar pada semangat LINK,0
98005,1,USER_MENTION USER_MENTION ayo kakakkakak yg mau pada ujian nasional nih dikasih jadwalnya biar pada semangat. semangka LINK,1
98006,1,USER_MENTION faktor penentu kelulusan ujian nasional LINK,0
98007,1,USER_MENTION USER_MENTION ayo kakakkakak yg mau pada ujian nasional nih dikasih jadwalnya biar pada semangat. semangka LINK,1
98008,2,kesalahan nonteknis ujian nasional gtLINK,0
98009,0,USER_MENTION ayo kakakkakak yg mau pada ujian nasional nih dikasih jadwalnya biar pada semangat. semangka LINK,1
98010,2,faktor penentu kelulusan ujian nasional LINK,0
98011,0,USER_MENTION tuhan damaikanlah hati dan jernihkanlah pikiran adikadik kami yang akan menempuh ujian nasional. luluskanlah mereka aamiin,1
98012,2,ujian nasional tinggal menghitung hari.,0
98013,0,USER_MENTION tuhan damaikanlah hati dan jernihkanlah pikiran adikadik kami yang akan menempuh ujian nasional. luluskanlah mereka aamiin,1
98014,0,USER_MENTION syifa cantikbaikramahsolehdan nanti hasil ujian nasional pembagian nem dpt aminnn ngomong itu kan,1
98015,0,USER_MENTION tuhan damaikanlah hati dan jernihkanlah pikiran adikadik kami yang akan menempuh ujian nasional. luluskanlah mereka aamiin,1
98016,2,h16 ujian nasional.aku cinta un,1
98017,0,USER_MENTION tuhan damaikanlah hati dan jernihkanlah pikiran adikadik kami yang akan menempuh ujian nasional. luluskanlah mereka aamiin,1
98018,1,USER_MENTION USER_MENTION mati ekanentya yaudah ujian nasional dah USER_MENTION plis gausah ngeluarin huruf itu ekanentya susahan,-1
98019,0,USER_MENTION tuhan damaikanlah hati dan jernihkanlah pikiran adikadik kami yang akan menempuh ujian nasional. luluskanlah mereka aamiin,1
98020,0,USER_MENTION tuhan damaikanlah hati dan jernihkanlah pikiran adikadik kami yang akan menempuh ujian nasional. luluskanlah mereka aamiin,1
98021,2,gladi resik ujian nasional jilc,0
98022,0,katanya lagi ujian ya ujian nasionalyg psti mudah2an ka nafisa jlnin ujiannya dgn lancaramin dan jga dpt nilai yg memuasknamin. amin,1
98023,1,USER_MENTION ujian nasional itu hanya mitos belaka,0
98024,1,haha iyo agek belajar nyo d USER_MENTION belajar kak kau ni ngtwit teros USER_MENTION h17 ujian nasional ngapo masih cak nyantai,0
98025,1,USER_MENTION USER_MENTION USER_MENTION USER_MENTION cieee kita kan mau ujian nasional semua yaaa cemungudh ea3 pightingp,0
98026,1,USER_MENTION udah mau ujian nasional kale,0
98027,0,kamu tau ujian nasional paket itu juga kamu banget soalnya bikin mumet deg2an nelangsa susah makan dan tidur puitis,-1
98028,2,ini long weekend tapi berasa hari tenang mau ujian nasional,1
98029,0,bagi anak kelas xii man cjr dari mulai besok bisa membawa kartu peserta ujian nasional disekolah,1
98030,1,bau dong USER_MENTION lebayyyy taiUSER_MENTION refreshing untuk ujian nasional d,-1
98031,0,USER_MENTION btw apa pendapat bapak dgn standard ujian nasional semacam sat gmat gre etc yg dipakai di us dan bbrp negara lainnya,0
98032,1,USER_MENTION ujian sekolah gtgt ujian nasional,0
98033,2,doakan clara sukses ujian sekolah dan ujian nasional,1
98034,2,kalian udh siap buat ujian nasional anaksekolah,1
98035,2,ujian sekolah gtgt ujian nasional,0
98036,0,USER_MENTION tahukah kamu. finlandia amerika jerman kanada dan australia adalah negara maju tanpa ujian nasional.,1
98037,1,USER_MENTION tanggal non senin depan habis kelas ujian nasional ngeri kan,-1
98038,0,USER_MENTION kasih aku linknya sini aku mau lihat ahihihip inget ujian nasional kak jangan sampe sakit lho.,1
98039,1,USER_MENTION USER_MENTION ujian nasional menghitung hari x_x wml o,0
98040,1,ulululululu puja kerang ajaib USER_MENTION buat yg mau ujian nasional hri lagi mna suaranya,0
98041,1,USER_MENTION ujian nasional menghitung hari x_x wml o,0
98042,2,ujian nasional menghitung hari x_x wml o,0
98043,0,okey siapin buat ujian nasional sebab ith harga mati paket habis un itulah kehidupan yg sesungguhnya y semangat ipa,-1
98044,0,USER_MENTION gw rasa ujian nasional utk sdsmp dan sma itu sangat ga penting ga di butuhkan dan gak di harapkan deh.,0
98045,1,USER_MENTION saat hari ujian nasionalgt,0
98046,1,USER_MENTION jngn lpa berdoa untuk keberkahan dalam mengerjakan ujian nasional.,1
98047,0,USER_MENTION jangan lupa juga siapkan kartu peserta ujian nasionalini penting,1
98048,0,USER_MENTION yg pasti kmu hrs siapkan alatalat tulis yang berhubungan dengan ujian nasionalpensilballpointpnghpus dll,0
98049,1,USER_MENTION sehari sebelum ujian nasionalgt,0
98050,1,USER_MENTION ketawa aja kerjanyaaa ga jantungan ujian nasional kamu,0
98051,0,wkwk._. USER_MENTION bar motivasi ki sesok wes laligt chorinanurayni saya ingin lulus ujian nasional dengan nilai yang,0
98052,1,bingung antara bandungberisik sama ujian nasional USER_MENTION,-1
98053,1,tgl unas e to bukan minggu depan besok iturt USER_MENTION USER_MENTION ada ngga ujian nasional to,-1
98054,0,USER_MENTION iyaa apalagi u ujian nasional extra fullllhaha. semoga angkatan terbaik yang thn toh pasti,0
98055,1,akubingung USER_MENTION ujian nasional gimana nanti atau nanti gimana3 hayo,-1
98056,1,auouuouo USER_MENTION buat yg mau ujian nasional hri lagi mna suaranya,0
98057,1,amin kak semoga lulus USER_MENTION sukses ujian nasional hari ini semoga rame donskitchen USER_MENTION USER_MENTION ayo semua dateng,1
98058,0,semangat ya yang bentar lagi ujian nasional kamu pasti bisa yakin usaha dan berdoa bighugs,1
98059,0,karena banyak adik yang belum mendapatkan kisi kisi un sma smk kami akan membagikan lagi pada adik tolong LINK,-1
98060,0,USER_MENTION tahukah kamu. finlandia amerika jerman kanada dan australia adalah negara maju tanpa ujian nasional. USER_MENTION,1
98061,1,USER_MENTION USER_MENTION USER_MENTION cieee kita kan mau ujian nasional semua yaaa cemungudh ea3 pightingp,0
98062,1,USER_MENTION apasih yg meme gataup nanti kalau ujian nasional ngebatik lg aja ren,0
98063,2,buat yg mau ujian nasional hri lagi mna suaranya,0
98064,1,USER_MENTION rahasia sukses ujian nasional kunjungi website di bio kami dan follow USER_MENTION,1
98065,1,USER_MENTION rahasia sukses ujian nasional kunjungi website di bio kami dan follow USER_MENTION,1
98066,1,USER_MENTION rahasia sukses ujian nasional kunjungi website di bio kami dan follow USER_MENTION,1
98067,2,skalai nah maumi ujian nasional a mi itu di tipi iklan pensil,0
98068,1,USER_MENTION ada ngga ujian nasional to,-1
98069,1,USER_MENTION hri senin terakhir lngsung ujian praktek ujian sekolah ujian nasional,-1
98070,2,menjelang ujian nasional.,0
98071,1,USER_MENTION april USER_MENTION ujian nasional tingkat sma kapan yaa,0
98072,1,USER_MENTION kisikisi soal ujian nasional un sd smp sma smk sederajat gt LINK lt,0
98073,1,sup kadie urng ker maraban anjik._ di pinggir cideresrt USER_MENTION USER_MENTION serius jiga ujian nasional wae,0
98074,0,USER_MENTION garagara baca tweet si rani. yah ternyata tidak dipungkiri lagi ujian nasional tinggal menghitung hari,1
98075,0,kita kan young and ndangerous moso raiso USER_MENTION garap yg smk ae biji opo neh yg sma ajiainul soal ujian nasional sma,1
98076,1,USER_MENTION alfinfulani amin. USER_MENTION minta doanya ya buat yg punya acc ini ujian nasional cont LINK,0
98077,0,USER_MENTION garagara baca tweet si rani. yah ternyata tidak dipungkiri lagi ujian nasional tinggal menghitung hari,1
98078,1,USER_MENTION serius jiga ujian nasional wae,0
98079,0,USER_MENTION tahukah kamu. finlandia amerika jerman kanada dan australia adalah negara maju tanpa ujian nasional. USER_MENTION,1
98080,1,haha y USER_MENTION ha nek arum nggoblok mimin.e opo jal USER_MENTION nggoblokUSER_MENTION njuk ijeh ono ujian nasional,0
98081,0,USER_MENTION sorry kak nasya aku gak bisa langsung bales sekarang aku lagi serius untuk persiapan ujian nasional.,0
98082,1,USER_MENTION emhgt fitra ada korupsi di proyek soal ujian nasional LINK,0
98083,1,sukses ujian nasional hari ini semoga rame USER_MENTION USER_MENTION USER_MENTION ayo semuanya dateng,1
98084,1,belajar kak kau ni ngtwit teros USER_MENTION h17 ujian nasional ngapo masih cak nyantai nih,0
98085,1,USER_MENTION jogojogo pek e soal ujian nasional dak bocor dinas pendidikan gresik kerjasama ambek polisi LINK tv9,0
98086,0,garagara baca tweet si rani. yah ternyata tidak dipungkiri lagi ujian nasional tinggal menghitung hari,1
98087,2,kutolak semua iklan dan tawaran media partner demimu ujian nasional cih,0
98088,1,pokoknya udah ujian nasional selesai gue bakal beli benabook dan langsung baca USER_MENTION,1
98089,1,USER_MENTION amin. USER_MENTION minta doanya ya buat yg punya acc ini ujian nasional lancar dapet nem baik amp masuk sma favorit amin,1
98090,1,USER_MENTION mati ekanentya yaudah ujian nasional dah USER_MENTION plis gausah ngeluarin huruf itu ekanentya susahan,-1
98091,1,USER_MENTION menit lg gladi resik ujian nasional dimulai.,0
98092,2,h17 ujian nasional ngapo masih cak nyantai nih,0
98093,0,selera_ USER_MENTION khotbah jumat siang hari ini tentang ujian nasional buat anak sma sangat menggugah selera,0
98094,0,USER_MENTION tahukah kamu. finlandia amerika jerman kanada dan australia adalah negara maju tanpa ujian nasional. USER_MENTION,1
98095,1,USER_MENTION biasanya kalo mau ujian nasional ada acara istigozah bersama,0
98096,2,lets pray together for ujian nasional friends,0
98097,0,khotbah jumat siang hari ini tentang ujian nasional buat anak sma sangat menggugah selera,0
98098,1,USER_MENTION tinggal hari lagi menuju ujian nasional,0
98099,2,gladi resik ujian nasional siap dimulai,1
98100,1,bahas kode soal ujian nasional nanti dek dUSER_MENTION aduu klen bhas apasih pusing adek ini cont LINK,-1
98101,0,dekriboUSER_MENTION kamu sombong tidak bales mention aku lg skrg bales dong mention aku semangatin aku untuk ujian nasional,0
98102,0,USER_MENTION tahukah kamu. finlandia amerika jerman kanada dan australia adalah negara maju tanpa ujian nasional. USER_MENTION,1
98103,0,amin. USER_MENTION minta doanya ya buat yg punya acc ini ujian nasional lancar dapet nem baik amp masuk sma favorit amin,1
98104,0,USER_MENTION minta doanya ya buat yg punya acc ini ujian nasional lancar dapet nem baik amp masuk sma favorit amin,1
98105,1,kok paket soal beritanya salah USER_MENTION jogojogo pek e soal ujian nasional dak bocor dinas cont LINK,-1
98106,1,USER_MENTION USER_MENTION USER_MENTION USER_MENTION USER_MENTION USER_MENTION ujian nasional telah menantimu nak,0
98107,2,minta doanya ya buat yg punya acc ini ujian nasional lancar dapet nem baik amp masuk sma favorit amin,1
98108,1,USER_MENTION h17 ujian nasional,0
98109,2,siswa di sarolangun ikut ujian nasional LINK beritasumatera,0
98110,1,USER_MENTION retweet yang lagi mempersiapkan buat ujian nasional,0
98111,1,USER_MENTION lalutanggal segini lagi ujian nasional smp._.,0
98112,0,USER_MENTION tahukah kamu. finlandia amerika jerman kanada dan australia adalah negara maju tanpa ujian nasional. USER_MENTION,1
98113,1,dih efek puncak ini USER_MENTION belajar mencintaimu p alwanrosyadi rizakusma yang mau ujian nasional ayo blajar.,0
98114,1,USER_MENTION jogojogo pek e soal ujian nasional dak bocor dinas pendidikan gresik kerjasama ambek polisi LINK tv9,0
98115,1,USER_MENTION USER_MENTION USER_MENTION astaghfirullah tobat nang. mau ujian nasional loh,0
98116,1,bocyor bocyor USER_MENTION jogojogo pek e soal ujian nasional dak bocor dinas pendidikan cont LINK,0
98117,2,h17 ujian nasional,0
98118,1,iya dek emang cepetudah nya keluar dr USER_MENTION cpet bnget mba USER_MENTION tinggal hari lagi menuju ujian nasional,0
98119,1,semangat gladi resiknyaa USER_MENTION menit lg gladi resik ujian nasional dimulai.,0
98120,1,cpet bnget mba USER_MENTION tinggal hari lagi menuju ujian nasional,0
98121,0,USER_MENTION tahukah kamu. finlandia amerika jerman kanada dan australia adalah negara maju tanpa ujian nasional. USER_MENTION,1
98122,0,USER_MENTION tahukah kamu. finlandia amerika jerman kanada dan australia adalah negara maju tanpa ujian nasional USER_MENTION,1
98123,1,USER_MENTION jogojogo pek e soal ujian nasional dak bocor dinas pendidikan gresik kerjasama ambek polisi LINK tv9,0
98124,2,retweet yang lagi mempersiapkan buat ujian nasional,0
98125,1,euh USER_MENTION jogojogo pek soal ujian nasional dak bocor dinas pendidikan gresik kerjasama ambek polisi LINK tv9,0
98126,1,ya USER_MENTION ujian nasional kah giovanibaba un USER_MENTION giovanibaba unas apaan bingung saya,-1
98127,0,lah ambe sopo maneh trusan USER_MENTION jogojogo pek e soal ujian nasional dak bocor dinas pendidikan gresik kerjasama ambek polisi,0
98128,2,jogojogo pek e soal ujian nasional dak bocor dinas pendidikan gresik kerjasama ambek polisi LINK tv9,0
98129,1,USER_MENTION tapikan masih ada ujian nasional,0
98130,1,iya sayangku semangat jga ya sayangku USER_MENTION USER_MENTION semangaaat yaa yang ujian nasional y,0
98131,1,ujian nasional kah USER_MENTION un USER_MENTION giovanibaba unas apaan bingung saya,-1
98132,0,USER_MENTION april ya allah berikanlah kemudahan dalam menghadapi ujian nasional nanti.,-1
98133,1,nanti celananya basahp USER_MENTION haha yakin wkwkUSER_MENTION yakin USER_MENTION ujian nasional kami gak takut wkwk,1
98134,1,iya dekdoain kami semua yah USER_MENTION semangat mb anya USER_MENTION tinggal hari lagi menuju ujian nasional,0
98135,0,USER_MENTION harusnya pertanyaan kapan nikah amp kapan wisuda itu ada di ujian nasional biar ga banyak yg nanyananya lagi,0
98136,1,dari mana aja min baru muncul lg hehehe USER_MENTION menit lg gladi resik ujian nasional dimulai.,0
98137,1,USER_MENTION USER_MENTION rahasia sukses ujian nasional kunjungi website di bio kami dan follow USER_MENTION,1
98138,1,USER_MENTION hari menjelang ujian nasional wish me luck god o,0
98139,1,semangat mb anya USER_MENTION tinggal hari lagi menuju ujian nasional,0
98140,1,ujian nasional._. USER_MENTION ujian apa USER_MENTION smp ujiannya kapan._.,0
98141,1,haha yakin wkwkUSER_MENTION yakin USER_MENTION ujian nasional kami gak takut wkwk,1
98142,1,yakin USER_MENTION ujian nasional kami gak takut wkwk,1
98143,1,USER_MENTION tinggal hari lagi menuju ujian nasional,0
98144,0,USER_MENTION april ya allah berikanlah kemudahan dalam menghadapi ujian nasional nanti.,-1
98145,1,USER_MENTION h17 menuju ujian nasional,0
98146,2,ada kejutan besok hari minggu buat kalian yg ujian nasional,0
98147,1,USER_MENTION menit lg gladi resik ujian nasional dimulai.,0
98148,2,tinggal hari lagi menuju ujian nasional,0
98149,2,menit lg gladi resik ujian nasional dimulai.,0
98150,1,USER_MENTION kita beruntung di indonesia cuma ada ujian nasional gak ada ujian internasional.,1
98151,1,april USER_MENTION ujian nasional tingkat sma kapan yaa,0
98152,2,ujian nasional kami gak takut wkwk,1
98153,1,USER_MENTION lalutanggal segini lagi ujian nasional smp._.,0
98154,2,sebentar lagi krystal mau ujian nasional doain lulus ya xd bot,0
98155,1,wah wah wah USER_MENTION ada korupsi di proyek soal ujian nasional LINK,0
98156,1,main sinilah sombong amat wkwk USER_MENTION USER_MENTION weekendnya entar lagi tuh kalo kelas3 ujian nasional wkwk,0
98157,0,USER_MENTION resmi ujian nasional terdiri dari paket serta menggunakan sistem barcode dimensi tanpa kode naskah,1
98158,2,ujian nasional tingkat sma kapan yaa,0
98159,2,mendekati ujian nasional acc twttr ini sementara vacum dulu yaa doain smg lulusamin. laffy october longlast with you,0
98160,2,hai bot imut here yoona sedang fokus belajar untuk ujian nasionaldoain cobaada perlumentiondm juseyo,1
98161,1,yang bener USER_MENTION berita gembira buat kelas sma kalau ujian nasional gak jadi pakai pakeet soal d via USER_MENTION,1
98162,1,USER_MENTION oalah sek to kota o ujian nasional dek,0
98163,1,USER_MENTION duh sobat gw pengen bgt ketemu vierratale buat penyemangat gw menghadapi ujian nasional,0
98164,1,thanks USER_MENTION USER_MENTION USER_MENTION biar sukses menghadapi ujian nasional LINK,1
98165,2,lalutanggal segini lagi ujian nasional smp._.,0
98166,2,kata guru gue ujian nasional tahun ini beda sama tahun2 sblmnya.,0
98167,1,USER_MENTION h17 menuju ujian nasional,0
98168,2,ujian nasional laisaatnya makan fisika dan matematika d semangaat,0
98169,0,kata guru gue singkirkan semua hal yang tdk berhubungan dg ujian nasional. its mean rpw rite,-1
98170,2,bofi ss5 bofi ss5 bofi ss5 ujian nasional mati,-1
98171,1,USER_MENTION h17 menuju ujian nasional,0
98172,1,gak takutrt USER_MENTION ujian nasional,0
98173,1,USER_MENTION h17 menuju ujian nasional,0
98174,2,h17 menuju ujian nasional,0
98175,2,ujian nasional pake system barcode aja bikin repot ini pake barcode segala bunuh aja weee bunuh,-1
98176,0,USER_MENTION resmi ujian nasional terdiri dari paket serta menggunakan sistem barcode dimensi tanpa kode naskah,1
98177,1,ujian nasional USER_MENTION minggu bsk udh ujian kaka bonitaprima lah kok gitu USER_MENTION cont LINK,0
98178,1,USER_MENTION jngn lpa berdoa untuk keberkahan dalam mengerjakan ujian nasional.,1
98179,0,USER_MENTION jangan lupa juga siapkan kartu peserta ujian nasionalini penting,1
98180,0,USER_MENTION yg pasti kmu hrs siapkan alatalat tulis yang berhubungan dengan ujian nasionalpensilballpointpnghpus dll,0
98181,1,USER_MENTION sehari sebelum ujian nasionalgt,0
98182,1,USER_MENTION saat hari ujian nasionalgt,0
98183,2,prihatin tanteeee mau ujian nasional nih tanteee,0
98184,0,USER_MENTION yok fighting mas. mbak. lahap semua les hadapin semua try out kuasai ujian nasional semoga semua dapet hasil terbaik. ammiiiiinnn,0
98185,0,USER_MENTION yok fighting mas. mbak. lahap semua les hadapin semua try out kuasai ujian nasional semoga semua dapet hasil terbaik. ammiiiiinnn,0
98186,0,USER_MENTION yok fighting mas. mbak. lahap semua les hadapin semua try out kuasai ujian nasional semoga semua dapet hasil terbaik. ammiiiiinnn,0
98187,0,USER_MENTION yok fighting mas. mbak. lahap semua les hadapin semua try out kuasai ujian nasional semoga semua dapet hasil terbaik. ammiiiiinnn,0
98188,1,USER_MENTION rahasia sukses ujian nasional kunjungi website di bio kami dan follow USER_MENTION,1
98189,1,USER_MENTION rahasia sukses ujian nasional kunjungi website di bio kami dan follow USER_MENTION,1
98190,1,USER_MENTION rahasia sukses ujian nasional kunjungi website di bio kami dan follow USER_MENTION,1
98191,0,USER_MENTION resmi ujian nasional terdiri dari paket serta menggunakan sistem barcode dimensi tanpa kode naskah,1
98192,1,USER_MENTION hei tunggu dulu ujian nasional mu belom ter laksanakan jadi kau masih memiliki bebeb hahaha,0
98193,0,USER_MENTION tahukah kamu. finlandia amerika jerman kanada dan australia adalah negara maju tanpa ujian nasional. USER_MENTION,1
98194,0,keep spirit abang teteh. kami selalu mendoakan yang terbaik untuk abang teteh USER_MENTION h17 ujian nasional.,0
98195,1,gila wkwkwk USER_MENTION ini yg dinamakan sadis__ un oh un LINK,0
98196,2,ujian nasional,0
98197,2,sekolaah cuma tinggal minggu lagi sisanya ujian nasional and perpisaham cepet amat yak,1
98198,1,USER_MENTION USER_MENTION jangan meremehkan faktor nonakademik di ujian nasional LINK,0
98199,0,tryout ke3.ujian nasional.nunggu hasil pmdk undangan.dan insya allah keterima di unj.lulus ujian nasional.dan selamat tinggal yg suram2,1
98200,0,USER_MENTION kapan2 eyang secepatnya aja kalo aku pake bb lagi sekarang2 nih lagi fokus dulu ujian nasional minta doanya ya eyang,0
98201,1,USER_MENTION h17 ujian nasional.,0
98202,2,ini yg dinamakan sadis__ un oh un LINK,1
98203,0,USER_MENTION taun iki sing ujian nasional garak no sondesip sepi ee pucuk melok2 sepi pisan cepet un yah cepet malmingan d,1
98204,1,USER_MENTION nah budak sma USER_MENTION USER_MENTION USER_MENTION USER_MENTION its about ujian nasional LINK oleh USER_MENTION,0
98205,1,iya haha USER_MENTION prediksi gw USER_MENTION kok sotau USER_MENTION ujian nasional lebih sulit dari th,-1
98206,1,USER_MENTION USER_MENTION gtgt LINK kisikisi soal ujian nasional un sd smp sma smk sederajat,0
98207,0,USER_MENTION setelah ujian nasional nanti hari jumatnya kita gak sekolah2 lagi sampe pengumuman kelulusan ms surya,0
98208,1,USER_MENTION nanti gimanasemangat USER_MENTION ujian nasional gimana nanti atau nanti gimana3 hayo,-1
98209,2,inikah rasanya detik ujian nasional,0
98210,0,USER_MENTION tahukah kamu finlandiaamerikajermankanada dan australia adalah negara maju tanpa ujian nasional. semoga indonesia menjadi berikutnya,1
98211,1,USER_MENTION happy birthday to you USER_MENTION h18 ya ujian nasional for sma satu kata mampus,0
98212,0,jumatan dulu min USER_MENTION ujian nasional gimana nanti atau nanti gimana3 hayo,-1
98213,0,tahukah kamu finlandiaamerikajermankanada dan australia adalah negara maju tanpa ujian nasional. semoga indonesia menjadi berikutnya,1
98214,1,USER_MENTION USER_MENTION USER_MENTION gtgt LINK kisikisi soal ujian nasional un sd smp sma smk sederajat,0
98215,1,USER_MENTION lulus ujian nasional,0
98216,1,USER_MENTION USER_MENTION semoga seo xiiia lulus ujian nasional ya allah aamiin,1
98217,1,LINK lewat USER_MENTION,0
98218,1,aamiin USER_MENTION USER_MENTION semoga seo xiiia lulus ujian nasional ya allah aamiin,1
98219,0,USER_MENTION ljun hanya dapat digunakan pada naskah soal yang menjadi pasangannya USER_MENTION lembar soal ujian nasional sepaket dengan ljun,0
98220,1,happy birthday to you USER_MENTION h18 ya ujian nasional for sma satu kata mampus,0
98221,0,USER_MENTION hanya bisa brdoa dan menunggu keajaiban USER_MENTION ujian nasional gimana nanti atau nanti gimana3 hayo,-1
98222,2,bentar lagi ujian nasional,0
98223,1,y udah kmu lulus z deh USER_MENTION gimana mimin aje USER_MENTION ujian nasional gimana nanti atau nanti gimana3 hayo,-1
98224,1,USER_MENTION semoga seo xiiia lulus ujian nasional ya allah aamiin,1
98225,1,USER_MENTION permudahkan ujian nasional tahun ini yaallah aminnnnnn,0
98226,1,USER_MENTION ujian nasional gimana nanti atau nanti gimana3 hayo,-1
98227,0,nanti gimanasemangat USER_MENTION ujian nasional gimana nanti atau nanti gimana3 hayo,-1
98228,0,bukannya hari USER_MENTION ujian nasional berlangsung selama hari mulai dari senin april sampai kamis april,0
98229,1,justru slagi msi da waktutingkatkan usahadoa nya USER_MENTION mendadakmurung USER_MENTION pgn nangis kalo inget ujian nasional,0
98230,2,permudahkan ujian nasional tahun ini yaallah aminnnnnn,0
98231,1,USER_MENTION ujian nasional gimana nanti atau nanti gimana3 hayo,-1
98232,1,USER_MENTION kita beruntung di indonesia cuma ada ujian nasional gak ada ujian internasional.,1
98233,1,USER_MENTION USER_MENTION rahasia sukses ujian nasional kunjungi website di bio kami dan follow USER_MENTION,1
98234,1,buzzz jgn ingatkan akan itu USER_MENTION h18 ya ujian nasional for sma satu kata mampus,-1
98235,1,bar kowe ujian nasionalUSER_MENTION USER_MENTION wekaweka yasudah besokbesok aja yaaak3,0
98236,0,hanya bisa brdoa dan menunggu keajaiban USER_MENTION ujian nasional gimana nanti atau nanti gimana3 hayo,-1
98237,1,ujian nasional hhe USER_MENTION tinggal menghitung hari.,0
98238,1,USER_MENTION ujian nasional gimana nanti atau nanti gimana3 hayo,-1
98239,1,USER_MENTION goodluck USER_MENTION h18 ya ujian nasional for sma satu kata mampus,0
98240,2,lulus ujian nasional,0
98241,1,USER_MENTION ujian nasional gimana nanti atau nanti gimana3 hayo,-1
98242,0,mo gimana lagi min doa usaha ajala USER_MENTION ujian nasional gimana nanti atau nanti gimana3 hayo,0
98243,1,goodluck USER_MENTION h18 ya ujian nasional for sma satu kata mampus,0
98244,2,ujian nasional gimana nanti atau nanti gimana3 hayo,-1
98245,1,bakar rp base nya USER_MENTION h18 ya ujian nasional for sma satu kata mampus,-1
98246,2,belum ada greget buat ujian nasional,0
98247,1,semoga berhasil kek apa kek malah mampusUSER_MENTION h18 ya ujian nasional for sma satu kata mampus,1
98248,1,USER_MENTION cc USER_MENTION fitra ada korupsi di proyek soal ujian nasional LINK via USER_MENTION,0
98249,2,h18 ya ujian nasional for sma satu kata mampus,0
98250,1,USER_MENTION USER_MENTION waktunya mepet banget ama ujian nasional dew,0
98251,2,h16 ujian nasional,0
98252,1,USER_MENTION ujian nasional begitu menghantui,0
98253,1,USER_MENTION cc USER_MENTION fitra ada korupsi di proyek soal ujian nasional LINK via USER_MENTION,0
98254,0,USER_MENTION ljun hanya dapat digunakan pada naskah soal yang menjadi pasangannya USER_MENTION lembar soal ujian nasional sepaket dengan ljun,0
98255,2,kadiknas baru sikapi kegalauan sekolah hadapi ujian nasional LINK LINK,0
98256,1,sukses USER_MENTION satu kata untuk yg namanya ujian nasional,1
98257,1,belajar mencintaimu p USER_MENTION rizakusma yang mau ujian nasional ayo blajar.,0
98258,0,USER_MENTION us satu hari lg senin try out primagama udahnya siap2 try out dinas dan terakhir menunggu detik2 ujian nasional. semangat,-1
98259,1,USER_MENTION jangan meremehkan faktor nonakademik di ujian nasional LINK,0
98260,1,USER_MENTION minggu lagi ujian nasional yuhhuuuu,0
98261,0,us satu hari lg senin try out primagama udahnya siap2 try out dinas dan terakhir menunggu detik2 ujian nasional. semangat,-1
98262,0,dari tanggal sampai tanggal papa di palembang yes berarti lagi ujian nasional ada apa o mampus ketauan papa kalau dak belajar,0
98263,2,hari lagi menuju ujian nasional yang katanya paket woww stres duluan,-1
98264,1,USER_MENTION h17 ujian nasional.,0
98265,2,minggu lagi ujian nasional yuhhuuuu,0
98266,1,dana soal un aj di korup LINK via USER_MENTION,-1
98267,1,USER_MENTION info jenis amp tips memilih buku bank soal un LINK amp LINK,0
98268,2,ujian nasional berlangsung selama hari mulai dari senin april sampai kamis april,0
98269,0,USER_MENTION jiahhhhh bulan april sibuk banget kak banyak fans yg ujian nasional begitupun member nya,1
98270,1,USER_MENTION jngn lpa berdoa untuk keberkahan dalam mengerjakan ujian nasional.,1
98271,0,USER_MENTION ujian sekolah ujian praktek ujian nasional ujian hiduppun ada buat anak sekolah,0
98272,2,info jenis amp tips memilih buku bank soal un LINK amp LINK,0
98273,0,abis ngerjain simulasi to ujian nasional ipa.40 soal.salah baru simulasinya gimana yang benerannya,-1
98274,0,gapapa kalo bisa abis ujian nasional aja v USER_MENTION pengumuman mohon maaf dikarenakan jadwal yang kurang memungkinkan maka,-1
98275,0,USER_MENTION jaman dulu mendekati ujian nasional kebanyakan belajar jaman skrg mendekati ujian nasional kebanyakan twitteran berubahnamo,-1
98276,0,belajar yg bener gay hahaha USER_MENTION ujian sekolah ujian praktek ujian nasional ujian hiduppun ada buat anak sekolah,1
98277,0,USER_MENTION tips keliatan keren pas ujian nasional ketika selesai mengerjakan robeklah kertas soalnya sambil menjerit gampang banget sampah,1
98278,0,USER_MENTION allah itu tdk merancang umatnya utk gagal tapi manusia ini yg sring mrancang kgagalan org lain ujian nasional misalnya.,-1
98279,0,USER_MENTION allah itu tdk merancang umatnya utk gagal tapi manusia ini yg sring mrancang kgagalan org lain ujian nasional misalnya.,-1
98280,2,betapa santainya kaka gue yang mau ujian nasional kelas,1
98281,1,USER_MENTION penting diperhatikan saat ujian nasional LINK,1
98282,1,USER_MENTION USER_MENTION USER_MENTION kita main abis ujian nasional yaaaa,-1
98283,1,USER_MENTION belajar dong kan udah mau ujian nasional p,1
98284,2,ujian nasional mulai tanggal berapa sih untk sma,-1
98285,1,mendadakmurung USER_MENTION pgn nangis kalo inget ujian nasional udah tinggal hari lagi,0
98286,0,ujian sekolah ujian praktek ujian nasional ujian hiduppun ada buat anak sekolah,0
98287,1,USER_MENTION lembar soal ujian nasional sepaket dengan ljun LINK,0
98288,1,semangat USER_MENTION pgn nangis kalo inget ujian nasional udah tinggal hari lagi,0
98289,1,USER_MENTION ulang tahun pas ujian nasional,-1
98290,1,makasi kak kanty USER_MENTION goodluck smansa emon USER_MENTION kurang minggu road to ujian nasional bismilahirrahmanirrahim.,0
98291,1,amiin2 thankyou bgt tan USER_MENTION goog luck pais USER_MENTION h24. makin kesini berusaha makin fokus deh buat ujian nasional,1
98292,2,menghitung hari ujian nasional,0
98293,0,allah itu tdk merancang umatnya utk gagal tapi manusia ini yg sring mrancang kgagalan org lain ujian nasional misalnya.,-1
98294,0,USER_MENTION tahukah kamu. finlandia amerika jerman kanada dan australia adalah negara maju tanpa ujian nasional. USER_MENTION,1
98295,1,USER_MENTION dan ternyata ujian nasional hari lagi. sekolah tahun ditentukan hari,0
98296,2,ya allah bntr lagi ujian nasional aku belum siappp siap kan lh hambamu ini ya allah,1
98297,1,USER_MENTION berdoabelajar pasti bisa morning world d16 to ujian nasional,0
98298,2,berdoabelajar pasti bisa morning world d16 to ujian nasional,0
98299,1,USER_MENTION ujian nasional kurang berapa hari lagi tweeps,0
98300,1,datang haha USER_MENTION datang kauUSER_MENTION lembar soal ujian nasional sepaket dengan ljun,0
98301,1,USER_MENTION penting diperhatikan saat ujian nasional LINK,1
98302,0,hari bang ckck USER_MENTION dan ternyata ujian nasional hari lagi. sekolah tahun ditentukan hari,0
98303,0,mantap USER_MENTION pengajian malem padahal futsal tapi masuk ptn bukan alesan USER_MENTION ujian nasional selalu dijadikan,1
98304,0,USER_MENTION ujian nasional jangan dibawa stres jalanin aja kayak ujianujian sebelumnya. nanti malah sakit kayak saya.,0
98305,2,ulang tahun pas ujian nasional,-1
98306,0,semangat buat adekku dan sepupuku intan dan arief dalam mempersiapkan ujian nasional. moga dpet nilai yg baik,1
98307,1,USER_MENTION faktor penentu kelulusan ujian nasional LINK,0
98308,0,goog luck pais USER_MENTION h24. makin kesini berusaha makin fokus deh buat ujian nasional yang bener2 nguji adrenalin,1
98309,1,USER_MENTION lah ujian nasional aja soal nya ada banyak kode og ga mgkn buat sendiri s,0
98310,1,lebayyyy taiUSER_MENTION refreshing untuk ujian nasional d,0
98311,2,h24. makin kesini berusaha makin fokus deh buat ujian nasional yang bener2 nguji adrenalin.wkwk.,1
98312,1,USER_MENTION lembar soal ujian nasional sepaket dengan ljun LINK,0
98313,1,USER_MENTION negara maju tanpa ujian nasional,1
98314,1,gua ada latihan elu yang kesini aja. USER_MENTION USER_MENTION liburan ujian nasional oon,0
98315,2,sama sekali ga siap buat ujian nasional,-1
98316,0,hari pintar.USER_MENTION dan ternyata ujian nasional hari lagi. sekolah tahun ditentukan hari,1
98317,1,tapi maknanya bebanUSER_MENTION un itu ujian nasional USER_MENTION un itu beban ya skip ajalah,0
98318,1,mati USER_MENTION yaudah ujian nasional dah USER_MENTION plis gausah ngeluarin huruf itu ekanentya susahan un atau ngesok,-1
98319,1,USER_MENTION mikirin harlem shake mending pikirin yg mau ujian nasional paket,0
98320,0,USER_MENTION tahukah kamu. finlandia amerika jerman kanada dan australia adalah negara maju tanpa ujian nasional. USER_MENTION,1
98321,1,USER_MENTION h23 ujian nasional paket,0
98322,0,ujian sekolah sudah berakhir tinggal menunggu ujian nasional. guru dibuatpusing krn anak2 cuek banget,0
98323,0,pengajian malem padahal futsal tapi masuk ptn bukan alesan USER_MENTION ujian nasional selalu dijadikan alasan untuk melakukan,0
98324,1,USER_MENTION faktor penentu kelulusan ujian nasional LINK,0
98325,1,un itu ujian nasional USER_MENTION un itu beban ya skip ajalah,0
98326,2,h17 ujian nasional.,0
98327,1,USER_MENTION mikirin harlem shake mending pikirin yg mau ujian nasional paket,0
98328,1,USER_MENTION negara maju tanpa ujian nasional,1
98329,1,USER_MENTION mikirin harlem shake mending pikirin yg mau ujian nasional paket,0
98330,1,USER_MENTION itu ujian nasional model baru og belum tau to sama,0
98331,0,USER_MENTION april ya allah berikanlah kemudahan dalam menghadapi ujian nasional nanti.,-1
98332,2,abis long weekend. senin lanjut uas rabu try out. dan tgl nya ituu selamat ujian nasional,-1
98333,1,USER_MENTION nama nya aja ujian nasional masak iya soal e di buat sendiri,1
98334,0,dek heri dmna bsa ke seven skrg USER_MENTION dan ternyata ujian nasional hari lagi. sekolah tahun ditentukan hari,1
98335,2,refreshing untuk ujian nasional d,0
98336,1,USER_MENTION rahasia sukses ujian nasional kunjungi website di bio kami dan follow USER_MENTION,1
98337,1,yaudah ujian nasional dah USER_MENTION plis gausah ngeluarin huruf itu ekanentya susahan un atau ngesok USER_MENTION makanya j,0
98338,1,USER_MENTION mikirin harlem shake mending pikirin yg mau ujian nasional paket,0
98339,1,USER_MENTION biar sukses menghadapi ujian nasional LINK,1
98340,0,musrik haha USER_MENTION harusnya menjelang ujian nasional gini mendekatkan diri kepada allah eh cont LINK,0
98341,0,USER_MENTION semoga spensa merebut semua peringkat di ujian nasional tahun ini lagi yah sperti tahun kemarin good luck xx,1
98342,1,USER_MENTION mikirin harlem shake mending pikirin yg mau ujian nasional paket,0
98343,1,erte USER_MENTION USER_MENTION event handshake sebaiknya akhir april aja menunggu member yang ujian nasional dulu kak admin,1
98344,0,USER_MENTION bertemu bu anty besok seperti saat menghadapi ujian nasional deg2annya. semoga ibunya gak sekiller sperti apa yg gue byangin,0
98345,2,minggu lagi ujian nasional ya allah berikan lah kemudahan amiin,1
98346,1,USER_MENTION aamiinrt USER_MENTION semoga spensa merebut semua peringkat di ujian nasional cont LINK,0
98347,2,dan ternyata ujian nasional hari lagi. sekolah tahun ditentukan hari,0
98348,1,USER_MENTION semangaaat yaa yang ujian nasional y,0
98349,1,USER_MENTION anytime USER_MENTION thanks USER_MENTION good luck USER_MENTION nomor peserta ujian nasional smp harus jadi nomo,1
98350,0,aamiinrt USER_MENTION semoga spensa merebut semua peringkat di ujian nasional tahun ini lagi yah sperti tahun kemarin good luck xx,1
98351,0,harusnya menjelang ujian nasional gini mendekatkan diri kepada allah eh malah menjauh. sesah kalo jd manusia jahaman seperti ini wkwkwk,0
98352,1,USER_MENTION wee udah h17 aja ye ujian nasional sma,0
98353,1,USER_MENTION ya allah semoga saya lulus ujian nasional thn dgn nilai semuanyadpt sertifikat cont LINK,0
98354,1,USER_MENTION event handshake sebaiknya akhir april aja menunggu member yang ujian nasional dulu kak admin,1
98355,0,bertemu bu anty besok seperti saat menghadapi ujian nasional deg2annya. semoga ibunya gak sekiller sperti apa yg gue byangin,0
98356,0,USER_MENTION jadwal ujian nasional sd mei smp april sma april tingkatkan belajar kalian pelajargemolong infogemolong,0
98357,0,USER_MENTION tahukah kamu. finlandia amerika jerman kanada dan australia adalah negara maju tanpa ujian nasional. USER_MENTION,1
98358,0,tanggal tik yg tanggal segini us d USER_MENTION dulu ujian nasional smp tanggal segini apa ya haha,0
98359,0,USER_MENTION semoga spensa merebut semua peringkat di ujian nasional tahun ini lagi yah sperti tahun kemarin good luck xx,1
98360,0,USER_MENTION semoga spensa merebut semua peringkat di ujian nasional tahun ini lagi yah sperti tahun kemarin good luck xx,1
98361,1,anytime USER_MENTION thanks USER_MENTION good luck USER_MENTION nomor peserta ujian nasional smp harus jadi nomo,1
98362,1,USER_MENTION ujian sekolah tinggal bsk sama senin selasa mbujian nasional tgl april,-1
98363,0,USER_MENTION hari ini tanggal maret semoga angkatan ke sma bintara lulus dan lolos ujian nasional baik dan diterima di ptn,1
98364,1,fighting mba USER_MENTION astaagaaa ujian nasional h17,0
98365,1,USER_MENTION wkw apasiapasiorang nungguin ujian nasional woo,0
98366,0,USER_MENTION ujian nasional selalu dijadikan alasan untuk melakukan sesuatu pffftt,0
98367,2,idup anak yang mau ujian nasional yaitu soal mulu,0
98368,2,ujian nasional selalu dijadikan alasan untuk melakukan sesuatu pffftt,0
98369,0,op israel tinggal sepekan terus ujian nasional tinggal dua pekan rasanya pengen pingsan v,0
98370,0,USER_MENTION semoga spensa merebut semua peringkat di ujian nasional tahun ini lagi yah sperti tahun kemarin good luck xx,1
98371,0,ujian kenaikan kelas udah selesaialhamdulillahsmogadapatnilaiygmemuaskan masih ada ujian praktektry out sekolahujian nasional,-1
98372,1,pas lagi un aja sih aku sama beltok mah main kali pas unUSER_MENTION USER_MENTION USER_MENTION kita main abis ujian nasional yaaaa,-1
98373,1,USER_MENTION berharap lulus ujian nasional paket hbu cjrgoestosingapore,1
98374,1,USER_MENTION USER_MENTION kita main abis ujian nasional yaaaa,-1
98375,1,USER_MENTION h23 ujian nasional paket,0
98376,2,kenapa ditahun ini pemerintah menjadikan ajang percobaan buat ujian nasional.,0
98377,1,USER_MENTION emhgt fitra ada korupsi di proyek soal ujian nasional LINK,0
98378,1,ini maksud saya gt USER_MENTION emhgt fitra ada korupsi di proyek soal ujian nasional LINK,0
98379,1,o yo semangat dek USER_MENTION ujian nasional mas april kayak ee d USER_MENTION,0
98380,0,USER_MENTION semoga spensa merebut semua peringkat di ujian nasional tahun ini lagi yah sperti tahun kemarin good luck xx,1
98381,0,semoga spensa merebut semua peringkat di ujian nasional tahun ini lagi yah sperti tahun kemarin good luck xx,1
98382,0,USER_MENTION tahukah kamu. finlandia amerika jerman kanada dan australia adalah negara maju tanpa ujian nasional. USER_MENTION,1
98383,1,USER_MENTION USER_MENTION USER_MENTION USER_MENTION USER_MENTION abang says adikku jg mau ujian nasional nih haha mangats,0
98384,1,USER_MENTION ingat ujian nasional tinggal hari lagi ltltbanner depan sekolah,0
98385,1,ujian nasional mas april kayak ee d USER_MENTION,0
98386,0,buat yang kelas juga tetap harus belajar karena sebentar lagi akan menghadapi ujian nasional tepatnya pertengahan bulan april,1
98387,1,thanks USER_MENTION good luck USER_MENTION nomor peserta ujian nasional smp harus jadi nomor hoki,1
98388,1,hari USER_MENTION pirang dino meneh vheezabayhu semakin dekat dengan monster ujian nasional kyk,0
98389,1,USER_MENTION good luck USER_MENTION nomor peserta ujian nasional smp harus jadi nomor hoki,1
98390,1,USER_MENTION ujian nasional,0
98391,0,USER_MENTION tahukah kamu. finlandia amerika jerman kanada dan australia adalah negara maju tanpa ujian nasional. USER_MENTION,1
98392,0,firlandiaamerikaaustraliajermandan kanada adalah negara maju tanpa ujian nasional,1
98393,1,USER_MENTION amin trmksh farhan USER_MENTION USER_MENTION happy birthday my friend mitha faradela d lulus ujian nasional yah amien d,1
98394,1,pirang dino meneh USER_MENTION semakin dekat dengan monster ujian nasional kyk,0
98395,2,siswa di sarolangun ikut ujian nasional LINK sebanyak siswa di kabupaten sarol LINK,0
98396,2,beritaterkini siswa di sarolangun ikut ujian nasional LINK LINK LINK,0
98397,1,USER_MENTION seharusnya ujian nasional itu gak diada ini,0
98398,0,USER_MENTION ujian nasional di mulai dri tgl april sd april perjuangan kalian selama tahun lbh di smp bandung bergantung pda,0
98399,1,USER_MENTION halo semua untuk teman2 kelas tiga h17 ujian nasional. gimana persiapannya,0
98400,0,USER_MENTION latihan ujian nasional atau pra un tgl april sd april soal dari dinas dan langsung paket.,0
98401,1,amin trmksh farhan USER_MENTION USER_MENTION happy birthday my friend mitha faradela d lulus ujian nasional yah amien d,1
98402,0,USER_MENTION kasiannn USER_MENTION gebleq lu udh mau ujian nasional banyak tingkah_ patah tangan kiri mending lah ini kanan_,0
98403,0,USER_MENTION kalo ujian nasional yang benerbener hasil murni biasanya pelajaran bahasa indonesia ya gak d ceritasekolah,1
98404,1,good luck USER_MENTION nomor peserta ujian nasional smp harus jadi nomor hoki,1
98405,2,semakin dekat dengan monster ujian nasional kyk,0
98406,2,nomor peserta ujian nasional smp harus jadi nomor hoki,0
98407,0,kasiannn USER_MENTION gebleq lu udh mau ujian nasional banyak tingkah_ patah tangan kiri mending lah ini kanan_,0
98408,0,USER_MENTION ya allah terangkanlah hati para siswai tuk menghadapi ujian nasional yang tinggal beberapa hari lagi o,0
98409,1,USER_MENTION negara maju tanpa ujian nasional,1
98410,2,udah mau ujian nasional debihhhhh yg namanya kegalauan dipending ajadeh dulu ah,0
98411,1,USER_MENTION ingat ujian nasional tinggal hari lagi ltltbanner depan sekolah,0
98412,1,USER_MENTION seharusnya ujian nasional itu gak diada ini,0
98413,1,USER_MENTION emhgt fitra ada korupsi di proyek soal ujian nasional LINK,0
98414,1,nah USER_MENTION gtgt LINK kisikisi soal ujian nasional un sd smp sma smk sederajat,0
98415,1,cekidot USER_MENTION USER_MENTION USER_MENTION USER_MENTION USER_MENTION LINK kisikisi soal LINK,0
98416,0,gebleq lu udh mau ujian nasional banyak tingkah_ patah tangan kiri mending lah ini kanan_,0
98417,1,USER_MENTION h23 ujian nasional paket,0
98418,1,USER_MENTION h23 ujian nasional paket,0
98419,1,bigrt USER_MENTION berharap lulus ujian nasional paket hbu cjrgoestosingapore,1
98420,1,USER_MENTION aminn sama minUSER_MENTION berharap lulus ujian nasional paket hbu cjrgoestosingapore,1
98421,0,USER_MENTION tahukah kamu. finlandia amerika jerman kanada dan australia adalah negara maju tanpa ujian nasional.,1
98422,1,USER_MENTION h23 ujian nasional paket,0
98423,0,USER_MENTION gw rasa ujian nasional utk sdsmp dan sma itu sangat ga penting ga di butuhkan dan gak di harapkan deh.,0
98424,2,h23 ujian nasional paket,0
98425,1,aminn sama minUSER_MENTION berharap lulus ujian nasional paket hbu cjrgoestosingapore,1
98426,2,berharap lulus ujian nasional paket hbu cjrgoestosingapore,1
98427,0,USER_MENTION ujian nasional di mulai dri tgl april sd april perjuangan kalian selama tahun lbh di smp bandung bergantung pda,0
98428,1,USER_MENTION seharusnya ujian nasional itu gak diada ini,0
98429,0,di weekend ini LINK akan membagikan tips memilih pensil yang akan di gunakan untuk menghadapi ujian nasional un,0
98430,0,setelah nanti kita dinyatakan lulus ujian nasional marilah kita samasama teriak horeee kita lulus,0
98431,0,USER_MENTION ujian nasional di mulai dri tgl april sd april perjuangan kalian selama tahun lbh di smp bandung bergantung pda,0
98432,0,USER_MENTION pelaksanaan ujian nasional un selama ini masih memaksa sejumlah pihak untuk melakukan kecurangan LINK,-1
98433,0,USER_MENTION latihan ujian nasional atau pra un tgl april sd april soal dari dinas dan langsung paket.,0
98434,1,USER_MENTION untuk ujian nasional. hahhaha,0
98435,2,wee udah h17 aja ye ujian nasional sma,0
98436,2,hai bot imut here yoona sedang fokus belajar untuk ujian nasionaldoain cobaada perlumentiondm juseyo,1
98437,2,fokus ujian nasional o,0
98438,0,USER_MENTION ujian nasional di mulai dri tgl april sd april perjuangan kalian selama tahun lbh di smp bandung bergantung pda,0
98439,1,USER_MENTION liburan ujian nasional oon,0
98440,1,USER_MENTION seharusnya ujian nasional itu gak diada ini,0
98441,0,USER_MENTION katanya di negara maju ujian nasional itu nggak ada. terus di negara lain ujiannya itu mapel yang benerbener diminati dan dikuasai aja,1
98442,1,USER_MENTION kpa lmyan jaga kesehatan neh sm ujian nasional lohh,1
98443,1,iyaaminyg penting skrg ini lulus ujian nasional dulu deh USER_MENTION mayaainifaru orgtua sh maunya cont LINK,0
98444,1,lantak ujian nasional USER_MENTION USER_MENTION lantak apo lis,0
98445,0,kalo ujian nasional yang benerbener hasil murni biasanya pelajaran bahasa indonesia ya gak d ceritasekolah,1
98446,2,siswa di sarolangun ikut ujian nasional LINK,0
98447,0,USER_MENTION latihan ujian nasional atau pra un tgl april sd april soal dari dinas dan langsung paket.,0
98448,0,engga jugap lo ujian nasional kapan USER_MENTION haha gak ko p pengen banget di ikutiin sii lo sayang wkwk d rtUSER_MENTION,0
98449,1,USER_MENTION ingat ujian nasional tinggal hari lagi ltltbanner depan sekolah,0
98450,0,kemudian hapus ujian nasional berikan keleluasaan pada guru utk membangun kurikulum beserta asesmennya.,0
98451,2,nomor peserta ujian nasional smp ku masih ada hahaha pic LINK,0
98452,1,USER_MENTION saat saat jelang ujian nasional,0
98453,2,seharusnya ujian nasional itu gak diada ini,0
98454,1,USER_MENTION hari ulang tahun sama dgn hari ujian nasional tdak ada indah indahnya oh,0
98455,0,tnggl bsx ujian sklh dh slsai tnggl tnggu ujian praktik dan ujian nasional stlh it tnggl mnnggu k llsn,0
98456,1,USER_MENTION negara maju tanpa ujian nasional,1
98457,1,USER_MENTION patut ditiru haha USER_MENTION negaranegara yang nggak ada ujian nasional LINK,0
98458,0,USER_MENTION jika anda gagal dalam ujian nasional yang hanya beberapa hari berarti perjuangan anda selama tahun siasia,-1
98459,1,USER_MENTION biar sukses menghadapi ujian nasional LINK,1
98460,1,USER_MENTION gtgt LINK kisikisi soal ujian nasional un sd smp sma smk sederajat,0
98461,1,USER_MENTION biar sukses menghadapi ujian nasional LINK,1
98462,1,USER_MENTION USER_MENTION rahasia sukses ujian nasional kunjungi website di bio kami dan follow USER_MENTION,1
98463,0,USER_MENTION jika anda gagal dalam ujian nasional yang hanya beberapa hari berarti perjuangan anda selama tahun siasia,-1
98464,0,USER_MENTION jika anda gagal dalam ujian nasional yang hanya beberapa hari berarti perjuangan anda selama tahun siasia,-1
98465,0,jika anda gagal dalam ujian nasional yang hanya beberapa hari berarti perjuangan anda selama tahun siasia,-1
98466,1,USER_MENTION yang mau ujian nasional ayo blajar.,0
98467,1,USER_MENTION USER_MENTION ujian nasional live or die make your choice,1
98468,1,USER_MENTION biar sukses menghadapi ujian nasional LINK,1
98469,1,nyohh buat adek kelas gue di smansev USER_MENTION biar sukses menghadapi ujian nasional LINK,1
98470,1,patut ditiru haha USER_MENTION negaranegara yang nggak ada ujian nasional LINK,0
98471,1,USER_MENTION emhgt fitra ada korupsi di proyek soal ujian nasional LINK,0
98472,1,USER_MENTION ingat ujian nasional tinggal hari lagi ltltbanner depan sekolah,0
98473,1,USER_MENTION biar sukses menghadapi ujian nasional LINK,1
98474,1,USER_MENTION ya bareng sama ujian nasional yg lainyaabesok kan kamu tau sndri dek p,1
98475,1,USER_MENTION negara maju tanpa ujian nasional,1
98476,1,USER_MENTION USER_MENTION biar sukses menghadapi ujian nasional LINK,1
98477,2,ujian nasional sudah semakin dekat,0
98478,1,semangat de USER_MENTION dua minggu menuju babak final ujian nasional,0
98479,2,hari ulang tahun sama dgn hari ujian nasional tdak ada indah indahnya oh,0
98480,0,USER_MENTION menghilang dari peredaran selamat menghadapi ujian nasional teman. tetap semangat,0
98481,1,USER_MENTION negara maju tanpa ujian nasional,1
98482,1,USER_MENTION biar sukses menghadapi ujian nasional LINK,1
98483,1,USER_MENTION ingat ujian nasional tinggal hari lagi ltltbanner depan sekolah,0
98484,1,baca nih buat yan mau un USER_MENTION biar sukses menghadapi ujian nasional LINK,1
98485,1,USER_MENTION biar sukses menghadapi ujian nasional LINK,1
98486,2,ujian nasional udh di depan mata,1
98487,1,USER_MENTION biar sukses menghadapi ujian nasional LINK,1
98488,1,USER_MENTION negara maju tanpa ujian nasional,1
98489,1,USER_MENTION ingat ujian nasional tinggal hari lagi ltltbanner depan sekolah,0
98490,2,biar sukses menghadapi ujian nasional LINK,1
98491,1,USER_MENTION happy morning tujuh belas hari menuju ujian nasional smoga lulus amiin,1
98492,1,USER_MENTION ingat ujian nasional tinggal hari lagi banner depan sekolah,0
98493,1,USER_MENTION dua minggu menuju babak final ujian nasional,0
98494,1,USER_MENTION rickyfebriand17 okey focus focus and focus in ujian nasional,0
98495,0,go fight wish us luck USER_MENTION menghilang dari peredaran selamat menghadapi ujian nasional teman. tetap semangat,1
98496,1,USER_MENTION happy birthday my friend mitha faradela d lulus ujian nasional yah amien d,1
98497,0,USER_MENTION menghilang dari peredaran selamat menghadapi ujian nasional teman. tetap semangat,0
98498,0,USER_MENTION katanya di negara maju ujian nasional itu nggak ada. terus di negara lain ujiannya itu mapel yang benerbener diminati dan dikuasai aja,1
98499,2,ingat ujian nasional tinggal hari lagi ltltbanner depan sekolah,0
98500,0,menghilang dari peredaran selamat menghadapi ujian nasional teman. tetap semangat,0
98501,1,menegangkan yah un d USER_MENTION lagi belajar untuk ujian nasional ntar rouniciporounx8,-1
98502,1,USER_MENTION USER_MENTION ihh waww mending ujian nasional apa pelajaran matematika jam hayoo,0
98503,1,USER_MENTION happy morning tujuh belas hari menuju ujian nasional smoga lulus amiin,1
98504,2,dua minggu menuju babak final ujian nasional,0
98505,1,USER_MENTION lagu warrior lagu ini cocok buat para pelajar yang mau ujian nasional fightforthefuckupz LINK,0
98506,1,USER_MENTION selamat pagi ujian nasional. kita bertemu hari lagi ya xx,0
98507,0,aminnn pak USER_MENTION hari ini tanggal maret semoga angkatan ke sma bintara lulus dan lolos ujian nasional,1
98508,0,USER_MENTION katanya mau naikin mutu anak bangsa ujian nasional kenapa diribetkan begini bikin anak bangsa stres itu namanya lagian buang2 dana jg,0
98509,1,USER_MENTION lagu warrior lagu ini cocok buat para pelajar yang mau ujian nasional fightforthefuckupz LINK,0
98510,1,USER_MENTION okey focus focus and focus in ujian nasional,0
98511,0,USER_MENTION katanya mau naikin mutu anak bangsa ujian nasional kenapa diribetkan begini bikin anak bangsa stres itu namanya lagian buang2 dana jg,0
98512,0,USER_MENTION hari ini tanggal maret semoga angkatan ke sma bintara lulus dan lolos ujian nasional baik dan diterima di ptn,1
98513,0,hari ini tanggal maret semoga angkatan ke sma bintara lulus dan lolos ujian nasional baik dan diterima di ptn,1
98514,1,USER_MENTION negara maju tanpa ujian nasional,1
98515,2,dulu ujian nasional smp tanggal segini apa ya haha,0
98516,1,USER_MENTION lagu warrior lagu ini cocok buat para pelajar yang mau ujian nasional fightforthefuckupz LINK,0
98517,2,sulli nya lagi berjuang buat ujian nasional,1
98518,0,USER_MENTION finlandia amerika kanada australia dan jerman tidak menggunakan ujian nasional masihkah indonesia mau mengadakan un,-1
98519,1,kentut USER_MENTION ya yg tdk dikorup USER_MENTION smpe tntasgtfitraada korupsi di proyek soal un LINK,0
98520,1,USER_MENTION lagu warrior lagu ini cocok buat para pelajar yang mau ujian nasional fightforthefuckupz LINK,0
98521,1,USER_MENTION lagu warrior lagu ini cocok buat para pelajar yang mau ujian nasional fightforthefuckupz LINK,0
98522,1,USER_MENTION lagu warrior lagu ini cocok buat para pelajar yang mau ujian nasional fightforthefuckupz LINK,0
98523,1,USER_MENTION negara maju tanpa ujian nasional,1
98524,1,USER_MENTION lagu warrior lagu ini cocok buat para pelajar yang mau ujian nasional fightforthefuckupz LINK,0
98525,1,USER_MENTION lagu warrior lagu ini cocok buat para pelajar yang mau ujian nasional fightforthefuckupz LINK,0
98526,1,USER_MENTION lagu warrior lagu ini cocok buat para pelajar yang mau ujian nasional fightforthefuckupz LINK,0
98527,2,lagu warrior lagu ini cocok buat para pelajar yang mau ujian nasional fightforthefuckupz LINK,0
98528,1,USER_MENTION rtUSER_MENTION kumpulan soal latihan ujian nasional smp LINK,0
98529,1,USER_MENTION melek ren melekkk. ujian nasional bisa diitung dengan jari lagi sadarrr sadarrrr,0
98530,1,USER_MENTION USER_MENTION selesai semua. tinggal langkah lagi ujian nasional. cemunguuuud,1
98531,1,USER_MENTION ujian nasional bakal menggunakan barcode kaya gt. cc USER_MENTION LINK,1
98532,1,USER_MENTION gtgt LINK kisikisi soal ujian nasional un sd smp sma smk sederajat,0
98533,0,USER_MENTION jadwal ujian nasional sd mei smp april sma april tingkatkan belajar kalian pelajargemolong infogemolong,0
98534,1,pasti thanks yaa siapa dmana ini USER_MENTION USER_MENTION good luck ya ujian nasional nya.,1
98535,1,rtUSER_MENTION kumpulan soal latihan ujian nasional smp LINK,0
98536,2,maaf ya mimin jarang ol lagi fokus mau ujian nasional nihh,-1
98537,2,melek ren melekkk. ujian nasional bisa diitung dengan jari lagi sadarrr sadarrrr,0
98538,1,USER_MENTION good luck ya ujian nasional nya.,1
98539,1,berjuang icak USER_MENTION hari lg bo ujian nasional,1
98540,1,USER_MENTION gtgt LINK kisikisi soal ujian nasional un sd smp sma smk sederajat,0
98541,1,jangan dihitung USER_MENTION hari lg bo ujian nasional,0
98542,2,kumpulan soal latihan ujian nasional smp LINK,0
98543,1,USER_MENTION USER_MENTION selesai semua. tinggal langkah lagi ujian nasional. cemunguuuud,1
98544,1,USER_MENTION USER_MENTION gtgt LINK kisikisi soal ujian nasional un sd smp sma smk sederajat,0
98545,1,USER_MENTION rahasia sukses ujian nasional kunjungi website di bio kami dan follow USER_MENTION,1
98546,1,USER_MENTION rahasia sukses ujian nasional kunjungi website di bio kami dan follow USER_MENTION,1
98547,1,USER_MENTION rahasia sukses ujian nasional kunjungi website di bio kami dan follow USER_MENTION,1
98548,1,semangat sukses dek USER_MENTION hari lg bo ujian nasional,1
98549,0,jadwal ujian nasional sd mei smp april sma april tingkatkan belajar kalian pelajargemolong infogemolong,0
98550,0,finlandia amerika kanada australia dan jerman tidak menggunakan ujian nasional masihkah indonesia mau mengadakan un,-1
98551,2,negara maju tanpa ujian nasional,1
98552,0,USER_MENTION april ya allah berikanlah kemudahan dalam menghadapi ujian nasional nanti.,-1
98553,1,aseekk. tp kyke kok ga prnh semangat wkwk USER_MENTION nek aku semangat untuk mengejar ujian nasional p USER_MENTION preet nek,1
98554,1,USER_MENTION weekendnya entar lagi tuh kalo kelas3 ujian nasional wkwk,0
98555,0,USER_MENTION ya allah terangkanlah hati para siswai tuk menghadapi ujian nasional yang tinggal beberapa hari lagi o,0
98556,1,USER_MENTION selamat pagiiii koko denny d semangatin aku dong bentar lg aku ujian nasional,0
98557,0,cari pacar jangan yang kayak soal ujian nasional udah ditembak eh gak taunya pilihan yang salah,0
98558,0,USER_MENTION april ya allah berikanlah kemudahan dalam menghadapi ujian nasional nanti.,-1
98559,0,USER_MENTION makin cepet waktu berjalan semakin cepet pula ujian nasional mendekat bismillah yaallah,1
98560,2,hari lg bo ujian nasional,0
98561,0,enggak terasa iya tinggal menghitung hari aja buat ujian nasional dan kita semua akan berpisah deh,-1
98562,1,USER_MENTION h24 menuju ujian nasional,0
98563,1,mwhehe enggak maen kak tanggal tduran juga. ujian nasional mu tgl brapa to USER_MENTION,0
98564,1,USER_MENTION USER_MENTION gtgt LINK kisikisi soal ujian nasional un sd smp sma smk sederajat,0
98565,0,USER_MENTION makin cepet waktu berjalan semakin cepet pula ujian nasional mendekat bismillah yaallah,1
98566,2,h24 menuju ujian nasional,0
98567,2,makin cepet waktu berjalan semakin cepet pula ujian nasional mendekat bismillah yaallah,1
98568,1,tduran juga. ujian nasional mu tgl brapa to USER_MENTION lagi tiduran kak kamu kak dUSER_MENTION lagi apa USER_MENTION walah d,0
98569,1,USER_MENTION gtgt LINK kisikisi soal ujian nasional un sd smp sma smk sederajat,0
98570,1,USER_MENTION happy birthday USER_MENTION makinmakin deh semoga sukses ujian nasional ya,1
98571,0,USER_MENTION pelaksanaan ujian nasional un selama ini masih memaksa sejumlah pihak untuk melakukan kecurangan LINK,-1
98572,0,USER_MENTION pelaksanaan ujian nasional un selama ini masih memaksa sejumlah pihak untuk melakukan kecurangan LINK,-1
98573,0,pelaksanaan ujian nasional un selama ini masih memaksa sejumlah pihak untuk melakukan kecurangan LINK,-1
98574,1,USER_MENTION gtgt LINK kisikisi soal ujian nasional un sd smp sma smk sederajat,0
98575,1,USER_MENTION pengawas ujian nasional smasmk minimal berpendidikan s2 LINK beritajatim,0
98576,1,USER_MENTION amin amin. USER_MENTION april ya allah berikanlah kemudahan dalam menghadapi ujian nasional nanti.,1
98577,1,USER_MENTION ujian nasional sekolah menengah dua puluh paket jlep,0
98578,1,USER_MENTION happy birthday USER_MENTION makinmakin deh semoga sukses ujian nasional ya,1
98579,1,happy birthday USER_MENTION makinmakin deh semoga sukses ujian nasional ya,1
98580,2,un cara mengerjakan soal ujian nasional LINK,0
98581,1,USER_MENTION USER_MENTION selesai semua. tinggal langkah lagi ujian nasional. cemunguuuud,1
98582,2,h ujian nasional,0
98583,0,USER_MENTION katanya di negara maju ujian nasional itu nggak ada. terus di negara lain ujiannya itu mapel yang benerbener diminati dan dikuasai aja,1
98584,1,USER_MENTION USER_MENTION USER_MENTION USER_MENTION kami sekumpulan remaja siap lulus ujian nasional.,1
98585,1,USER_MENTION gtgt LINK kisikisi soal ujian nasional un sd smp sma smk sederajat,0
98586,0,amin amin. USER_MENTION april ya allah berikanlah kemudahan dalam menghadapi ujian nasional nanti.,1
98587,1,USER_MENTION selesai semua. tinggal langkah lagi ujian nasional.,1
98588,1,USER_MENTION selesai semua. tinggal langkah lagi ujian nasional. cemunguuuud,1
98589,2,hari menuju ujian nasional,0
98590,2,mendekati ujian nasional acc twttr ini sementara vacum dulu yaa doain smg lulusamin. laffy october longlast with you,0
98591,2,hai bot imut here yoona sedang fokus belajar untuk ujian nasionaldoain cobaada perlumentiondm juseyo,1
98592,2,h16 menuju ujian nasional semangat yah,0
98593,1,prediksi gw USER_MENTION kok sotau USER_MENTION ujian nasional lebih sulit dari th sebelumnya,-1
98594,1,USER_MENTION selesai semua. tinggal langkah lagi ujian nasional.,1
98595,1,USER_MENTION gtgt LINK kisikisi soal ujian nasional un sd smp sma smk sederajat,0
98596,2,semangatsemangatsemangat untuk ujian nasionalim readyyyy gerakanlulusun2013,0
98597,1,USER_MENTION bukan egoo menuju ujian nasional_,0
98598,1,USER_MENTION ujian nasional baru masuk,0
98599,0,USER_MENTION april ya allah berikanlah kemudahan dalam menghadapi ujian nasional nanti.,-1
98600,2,april ya allah berikanlah kemudahan dalam menghadapi ujian nasional nanti.,-1
98601,2,pengamanan soal ujian nasional akan diperketat LINK via cr kompascom,0
98602,0,rtrt USER_MENTION katanya di negara maju ujian nasional itu nggak ada. terus di negara lain ujiannya itu mapel yang benerbener diminati da,1
98603,2,saya siap menghadapi ujian nasional bagaimana dengan anda gerakanlulusun2013,1
98604,1,USER_MENTION haha siaaapd USER_MENTION semangat be USER_MENTION dibere ujian nasional ge geus ripuh komo deui dibere ujian ti alloh swt,0
98605,1,nek aku semangat untuk mengejar ujian nasional p USER_MENTION preet nek km semangat ngapain d LINK,1
98606,1,USER_MENTION aku ujian nasional.,0
98607,0,tips memilih jurusan kuliah ujian nasional sebentar lagi dilaksanakan sebentar lagi dan selanjutnya adalah me LINK,1
98608,1,blm tau vekn blm ujian nasional kalo kmrn sih udah keterima disolo USER_MENTION USER_MENTION adex jdinya mau kul dmn mbgheheh,-1
98609,0,USER_MENTION katanya di negara maju ujian nasional itu nggak ada. terus di negara lain ujiannya itu mapel yang benerbener diminati dan dikuasai aja,1
98610,1,USER_MENTION cc USER_MENTION fitra ada korupsi di proyek soal ujian nasional LINK via USER_MENTION,0
98611,0,USER_MENTION katanya di negara maju ujian nasional itu nggak ada. terus di negara lain ujiannya itu mapel yang benerbener diminati dan dikuasai aja,1
98612,1,USER_MENTION cc USER_MENTION fitra ada korupsi di proyek soal ujian nasional LINK via USER_MENTION,0
98613,1,USER_MENTION merdeka USER_MENTION setelah itu tetep masuk seperti biasa libur lagi pas kelas ujian nasional,-1
98614,0,katanya di negara maju ujian nasional itu nggak ada. terus di negara lain ujiannya itu mapel yang benerbener diminati dan dikuasai aja,1
98615,2,long time no see are you ready for ujian nasional i hope so,-1
98616,1,apa ku bilang mau pemilu pasti nyari proyek d USER_MENTION emhgt fitra ada korupsi di proyek soal ujian nasional,0
98617,0,USER_MENTION katanya di negara maju ujian nasional itu nggak ada. terus di negara lain ujiannya itu mapel yang benerbener diminati dan dikuasai aja,1
98618,1,garap yg smk ae biji opo neh yg sma USER_MENTION soal ujian nasional sma dan smk itu sama ya,0
98619,2,ga peduli mau sejuta paket pun ayo asal ga gini dong kapan anak bangsa ini. maju LINK,0
98620,2,saya siap menghadapi ujian nasional saya yakin lulus gerakanlulusun2013,1
98621,1,aku lo muka anak baikbaik USER_MENTION yo kamu itu alim kalo detik2 ujian nasional doangUSER_MENTION dusta gak mendukung bgt km iku,-1
98622,1,USER_MENTION wowwo USER_MENTION khusus buat kak USER_MENTION pas ujian nasional di jawab gini lulus gag yaakk LINK,1
98623,1,USER_MENTION aminn USER_MENTION bismillah semoga lulus ujian nasional nanti.aminyarobbalalamin,0
98624,1,USER_MENTION h17 ujian nasional yaaa oh,0
98625,0,USER_MENTION katanya di negara maju ujian nasional itu nggak ada. terus di negara lain ujiannya itu mapel yang benerbener diminati dan dikuasai aja,1
98626,1,wewUSER_MENTION cc USER_MENTION fitra ada korupsi di proyek soal ujian nasional LINK via USER_MENTION,0
98627,1,rtedt USER_MENTION rtedit USER_MENTION lulus ujian nasional amin.,1
98628,1,USER_MENTION pengawas ujian nasional smasmk minimal berpendidikan s2 LINK beritajatim,0
98629,1,rtedit USER_MENTION lulus ujian nasional amin.,1
98630,2,bentar lagi ujian nasional.,0
98631,2,tips dalam menghadapi ujian nasional LINK,0
98632,1,USER_MENTION emhgt fitra ada korupsi di proyek soal ujian nasional LINK,0
98633,2,lulus ujian nasional amin.,1
98634,1,USER_MENTION selanjutnya terus latihan untuk melatih soal soal menghadapi ujian nasional.,0
98635,0,USER_MENTION setelah ujian nasional semua siswa kelas harus berembuk untuk menentukan pelepasan siswa siswi kelas,1
98636,1,USER_MENTION halo semua untuk teman2 kelas tiga h17 ujian nasional. gimana persiapannya,0
98637,0,USER_MENTION katanya di negara maju ujian nasional itu nggak ada. terus di negara lain ujiannya itu mapel yang benerbener diminati dan dikuasai aja,1
98638,0,itu negara maju kita msih berkembang oon. USER_MENTION katanya di negara maju ujian nasional itu nggak ada. terus di negara lain ujian,1
98639,0,USER_MENTION setujuUSER_MENTION knpa ujian nasional harus paket dan pke barcode iiisshh itu kan malah memperbanyak siswa tidak lulus,0
98640,2,detikdetik ujian nasional sd sudah datang lagi serbuuuu,0
98641,1,tpat paris apo USER_MENTION ujian nasional live or die make your choice,1
98642,1,USER_MENTION gtgt LINK kisikisi soal ujian nasional un sd smp sma smk sederajat,0
98643,1,yo kamu itu alim kalo detik2 ujian nasional doangUSER_MENTION dusta gak mendukung bgt km iku d USER_MENTION yee mosok aku dusta d ciy,-1
98644,1,USER_MENTION emhgt fitra ada korupsi di proyek soal ujian nasional LINK,0
98645,1,USER_MENTION cc USER_MENTION fitra ada korupsi di proyek soal ujian nasional LINK via USER_MENTION,0
98646,0,USER_MENTION katanya di negara maju ujian nasional itu nggak ada. terus di negara lain ujiannya itu mapel yang benerbener diminati dan dikuasai aja,1
98647,0,semangat moga lancar dan lulus USER_MENTION last friday next week siap ngehadapin ujian nasional semangat48,1
98648,0,USER_MENTION katanya di negara maju ujian nasional itu nggak ada. terus di negara lain ujiannya itu mapel yang benerbener diminati dan dikuasai aja,1
98649,1,USER_MENTION gtgt LINK kisikisi soal ujian nasional un sd smp sma smk sederajat,0
98650,2,halo semua untuk teman2 kelas tiga h17 ujian nasional. gimana persiapannya,0
98651,2,emang bener kan yaa tahun ini banyak smashblast yang mau ujian nasional,1
98652,0,katanya di negara maju ujian nasional itu nggak ada. terus di negara lain ujiannya itu mapel yang benerbener diminati dan dikuasai aja,1
98653,1,yo kamu itu alim kalo detik2 ujian nasional doab USER_MENTION dusta gak mendukung bgt km iku d USER_MENTION yee mosok aku dusta d ci,-1
98654,1,merdeka USER_MENTION setelah itu tetep masuk seperti biasa libur lagi pas kelas ujian nasional,-1
98655,1,USER_MENTION selamat pagi ujian nasional. kita bertemu hari lagi ya xx,0
98656,1,USER_MENTION cc USER_MENTION fitra ada korupsi di proyek soal ujian nasional LINK via USER_MENTION,0
98657,1,USER_MENTION cc USER_MENTION fitra ada korupsi di proyek soal ujian nasional LINK via USER_MENTION,0
98658,2,last friday next week siap ngehadapin ujian nasional semangat48,1
98659,1,USER_MENTION haha ditambah ujian nasional puyeng.e jadi keliling mb haha v,1
98660,1,indon banget ga aneh USER_MENTION emhgt fitra ada korupsi di proyek soal ujian nasional LINK,1
98661,1,cc USER_MENTION gt fitra ada korupsi di proyek soal ujian nasional LINK,0
98662,2,selamat pagi ujian nasional. kita bertemu hari lagi ya xx,0
98663,1,USER_MENTION nggk bang keur libur ayena minggu depan arek ujian nasional doakeun nyaa,-1
98664,2,sisakan buku yg buat ujian nasional,0
98665,1,USER_MENTION gtgt LINK kisikisi soal ujian nasional un sd smp sma smk sederajat,0
98666,2,hari menjelang ujian nasional wish me luck god o,0
98667,1,USER_MENTION cc USER_MENTION fitra ada korupsi di proyek soal ujian nasional LINK via USER_MENTION,0
98668,0,USER_MENTION USER_MENTION selamat ulang tahun semoga panjang umur sehat selalu dan semoga sukses ujian nasional,0
98669,1,USER_MENTION lembar soal ujian nasional sepaket dengan ljun LINK,0
98670,1,USER_MENTION ujian nasional begitu menghantui,0
98671,0,USER_MENTION setujuUSER_MENTION knpa ujian nasional harus paket dan pke barcode iiisshh itu kan malah memperbanyak siswa tidak lulus,0
98672,1,ga adadkorup smuahe USER_MENTION apa ya yg tidak dikorup fitra ada korupsi di proyek soal ujian nas LINK,0
98673,1,USER_MENTION gtgt LINK kisikisi soal ujian nasional un sd smp sma smk sederajat,0
98674,2,minggu menjelang ujian nasional,0
98675,1,pastilah koruptor semuartUSER_MENTION cc USER_MENTION fitra ada korupsi di proyek soal ujian nasional LINK via USER_MENTION,0
98676,2,setelah itu tetep masuk seperti biasa libur lagi pas kelas ujian nasional,-1
98677,0,setujuUSER_MENTION knpa ujian nasional harus paket dan pke barcode iiisshh itu kan malah memperbanyak siswa tidak lulus,0
98678,0,USER_MENTION ya allah terangkanlah hati para siswai tuk menghadapi ujian nasional yang tinggal beberapa hari lagi o,0
98679,1,USER_MENTION gtgt LINK kisikisi soal ujian nasional un sd smp sma smk sederajat,0
98680,0,USER_MENTION selamat ulang tahun semoga panjang umur sehat selalu dan semoga sukses ujian nasional,0
98681,0,USER_MENTION admin gajadi nonton xfactor live.karena admin mau ujian nasional.semoga abis un mikha masih bertahan dan kita semua bsa nonton bareng.amin,1
98682,0,USER_MENTION asaustraliafinlandiajerman dan kanada adlh negara maju tanpa un ujian nasional. gimana kalo indonesia mengikuti sistem seperti itu,1
98683,1,USER_MENTION lembar soal ujian nasional sepaket dengan ljun LINK,0
98684,1,USER_MENTION cc USER_MENTION fitra ada korupsi di proyek soal ujian nasional LINK via USER_MENTION,0
98685,0,USER_MENTION USER_MENTION ya allah terangkanlah hati para siswai tuk menghadapi ujian nasional yang tinggal beberapa hari lagi o,0
98686,0,USER_MENTION ya allah terangkanlah hati para siswai tuk menghadapi ujian nasional yang tinggal beberapa hari lagi o,0
98687,1,USER_MENTION ujian nasional live or die make your choice,1
98688,1,apa ya yg tidak dikorup USER_MENTION usut smpe tntasgtfitra ada korupsi di proyek soal ujian nasional LINK,0
98689,1,USER_MENTION ujian nasional live or die make your choice,1
98690,0,USER_MENTION USER_MENTION ya allah terangkanlah hati para siswai tuk menghadapi ujian nasional yang tinggal beberapa hari lagi o,0
98691,0,USER_MENTION asaustraliafinlandiajerman dan kanada adlh negara maju tanpa un ujian nasional. gimana kalo indonesia mengikuti sistem seperti itu,1
98692,1,USER_MENTION its about ujian nasional LINK oleh USER_MENTION,0
98693,0,USER_MENTION asaustraliafinlandiajerman dan kanada adlh negara maju tanpa un ujian nasional. gimana kalo indonesia mengikuti sistem seperti itu,1
98694,1,USER_MENTION lembar soal ujian nasional sepaket dengan ljun,0
98695,1,USER_MENTION gtgt LINK kisikisi soal ujian nasional un sd smp sma smk sederajat,0
98696,1,USER_MENTION gtgt LINK kisikisi soal ujian nasional un sd smp sma smk sederajat,0
98697,0,USER_MENTION ya allah terangkanlah hati para siswai tuk menghadapi ujian nasional yang tinggal beberapa hari lagi o,0
98698,1,USER_MENTION cc USER_MENTION fitra ada korupsi di proyek soal ujian nasional LINK via USER_MENTION,0
98699,1,ee malah bikin orng males bljarUSER_MENTION biar kamu belajar yg rajir melrt USER_MENTION knpa ujian nasional harus paket dan pke,0
98700,2,ujian nasional live or die make your choice,1
98701,1,USER_MENTION gtgt LINK kisikisi soal ujian nasional un sd smp sma smk sederajat,0
98702,1,USER_MENTION h24 ujian nasional,0
98703,1,USER_MENTION emhgt fitra ada korupsi di proyek soal ujian nasional LINK,0
98704,0,ya allah terangkanlah hati para siswai tuk menghadapi ujian nasional yang tinggal beberapa hari lagi o,0
98705,0,melepas rasa penat dan lelah waktu yang sempit ini gunakan untuk refresing menjelang ujian nasional tiba o,-1
98706,1,USER_MENTION gtgt LINK kisikisi soal ujian nasional un sd smp sma smk sederajat,0
98707,2,di bikin stres sm ujian nasional ni x,-1
98708,0,USER_MENTION tahukah kamu. finlandia amerika jerman kanada dan australia adalah negara maju tanpa ujian nasional. USER_MENTION,1
98709,0,biar kamu belajar yg rajir melrt USER_MENTION knpa ujian nasional harus paket dan pke barcode iiisshh itu kan malah memperbanyak siswa,0
98710,1,USER_MENTION cc USER_MENTION fitra ada korupsi di proyek soal ujian nasional LINK via USER_MENTION,0
98711,1,waduh USER_MENTION emhgt fitra ada korupsi di proyek soal ujian nasional LINK,0
98712,0,USER_MENTION asaustraliafinlandiajerman dan kanada adlh negara maju tanpa un ujian nasional. gimana kalo indonesia mengikuti sistem seperti itu,1
98713,1,USER_MENTION h17 ujian nasional,0
98714,1,USER_MENTION cc USER_MENTION fitra ada korupsi di proyek soal ujian nasional LINK via USER_MENTION,0
98715,1,USER_MENTION semakin mendekati ujian nasional hari lagi,0
98716,1,USER_MENTION cc USER_MENTION fitra ada korupsi di proyek soal ujian nasional LINK via USER_MENTION,0
98717,1,USER_MENTION kita cuma mau lulus bkn jd lahan bisnis USER_MENTION fitra ada korupsi di proyek soal ujian nasional LINK via USER_MENTION,0
98718,1,USER_MENTION kami sekumpulan remaja siap lulus ujian nasional.,1
98719,2,semakin mendekati ujian nasional hari lagi,0
98720,1,USER_MENTION cc USER_MENTION fitra ada korupsi di proyek soal ujian nasional LINK via USER_MENTION,0
98721,1,USER_MENTION h24 ujian nasionalo,0
98722,2,usut smpe tntasgtfitra ada korupsi di proyek soal ujian nasional LINK,0
98723,0,knpa ujian nasional harus paket dan pke barcode iiisshh itu kan malah memperbanyak siswa tidak lulus bukan memperbanyak siswa pinter,1
98724,1,USER_MENTION emhgt fitra ada korupsi di proyek soal ujian nasional LINK,0
98725,1,USER_MENTION cc USER_MENTION fitra ada korupsi di proyek soal ujian nasional LINK via USER_MENTION,0
98726,2,h24 ujian nasionalo,0
98727,1,wk USER_MENTION h17 ujian nasional yaaa oh,0
98728,1,USER_MENTION h17 ujian nasional,0
98729,1,USER_MENTION hari lagi menuju paket ujian nasional,0
98730,1,ga bocoran ga korupsi bobrok bgt un. USER_MENTION cc USER_MENTION fitra ada korupsi di proyek soal ujian nasional LINK,1
98731,1,USER_MENTION gtgt LINK kisikisi soal ujian nasional un sd smp sma smk sederajat,0
98732,2,adekadek ujian nasional tingkat sma tinggal berapa minggu lagi yah kalem,0
98733,1,USER_MENTION emhgt fitra ada korupsi di proyek soal ujian nasional LINK,0
98734,1,USER_MENTION gtgt LINK kisikisi soal ujian nasional un sd smp sma smk sederajat,0
98735,1,rtUSER_MENTION h17 ujian nasional yaaa oh,0
98736,1,USER_MENTION gtgt LINK kisikisi soal ujian nasional un sd smp sma smk sederajat,0
98737,1,USER_MENTION cc USER_MENTION fitra ada korupsi di proyek soal ujian nasional LINK via USER_MENTION,0
98738,1,USER_MENTION h17 ujian nasional yaaa oh,0
98739,1,USER_MENTION cc USER_MENTION fitra ada korupsi di proyek soal ujian nasional LINK via USER_MENTION,0
98740,1,USER_MENTION h17 ujian nasional,0
98741,1,USER_MENTION lembar soal ujian nasional sepaket dengan ljun,0
98742,1,nyesek mblo liat kalender USER_MENTION weekend masih aja bahasnya un wkwkrtfebbyliass h17 menuju ujian nasional.,1
98743,1,USER_MENTION cc USER_MENTION fitra ada korupsi di proyek soal ujian nasional LINK via USER_MENTION,0
98744,1,USER_MENTION kita cuma mau lulus bkn jd lahan bisnis USER_MENTION fitra ada korupsi di proyek soal ujian nasional LINK via USER_MENTION,0
98745,1,wow so i will not cheat on the corruptedfee test called ujian nasional. wow great job USER_MENTION you really teach us about honesty,1
98746,0,USER_MENTION yaaaakkk kelas terasa sangat lelah dengan tugas yg menumpuk ujian praktek uas dan ujian nasional c,-1
98747,0,USER_MENTION long wekeend blm tentu merdeka dari ujian nasional kalau yg namanya merdeka itu ujian cont LINK,0
98748,1,neh kan USER_MENTION emhgt fitra ada korupsi di proyek soal ujian nasional LINK,0
98749,1,USER_MENTION cc USER_MENTION fitra ada korupsi di proyek soal ujian nasional LINK via USER_MENTION,0
98750,0,kemungkinan besar sesudah ujian nasional saya akan menutup semua bukubuku yang sudah membuat saya stres selama tahun o,-1
98751,1,weekend masih aja bahasnya un wkwkrtUSER_MENTION h17 menuju ujian nasional. ciee un ciee paket ciee,0
98752,1,USER_MENTION h17 menuju ujian nasional. ciee un ciee paket ciee,0
98753,2,fitra ada korupsi di proyek soal ujian nasional LINK,0
98754,1,tgl april USER_MENTION ehh kpan kii ujian nasional USER_MENTION haha. nda ji deh,0
98755,1,USER_MENTION emang nih iya banget gara2 ujian nasional wkwk,0
98756,0,USER_MENTION tahukah kamu. finlandia amerika jerman kanada dan australia adalah negara maju tanpa ujian nasional. USER_MENTION,1
98757,1,h17 indas birthday USER_MENTION h17 ujian nasional,0
98758,1,USER_MENTION cc USER_MENTION fitra ada korupsi di proyek soal ujian nasional LINK via USER_MENTION,0
98759,1,ehh kpan kii ujian nasional USER_MENTION haha. nda ji deh USER_MENTION dehh semangatnya r minggu d,0
98760,1,USER_MENTION hari lagi menuju paket ujian nasional,0
98761,1,USER_MENTION ujian nasional bakal jadi best jokes di april mop. eeeaa,0
98762,1,USER_MENTION iya bu ajiii USER_MENTION USER_MENTION sebentar lagi mau ujian nasional yaa belajar yang bener p wgwgwg,1
98763,1,parahuuurt USER_MENTION cc USER_MENTION fitra ada korupsi di proyek soal ujian nasional LINK via USER_MENTION,0
98764,1,USER_MENTION gtgt LINK kisikisi soal ujian nasional un sd smp sma smk sederajat,0
98765,1,sudah ketebak USER_MENTION fak lah susah dikorupsi pulo USER_MENTION cc USER_MENTION fitra ada korupsi di proyek soal ujian nasional,-1
98766,1,tuh kan USER_MENTION emhgt fitra ada korupsi di proyek soal ujian nasional LINK,0
98767,1,USER_MENTION emhgt fitra ada korupsi di proyek soal ujian nasional LINK,0
98768,1,wah nati kayaknya aku mau pergi eh ris wkwk mau beli buku yg latihan ujian nasional itu po USER_MENTION,1
98769,1,USER_MENTION its about ujian nasional LINK oleh USER_MENTION,0
98770,1,USER_MENTION h17 menuju ujian nasional. ciee un ciee paket ciee,0
98771,1,USER_MENTION lembar soal ujian nasional sepaket dengan ljun LINK,0
98772,1,USER_MENTION cc USER_MENTION fitra ada korupsi di proyek soal ujian nasional LINK via USER_MENTION,0
98773,1,USER_MENTION cc USER_MENTION fitra ada korupsi di proyek soal ujian nasional LINK via USER_MENTION,0
98774,2,emhgt fitra ada korupsi di proyek soal ujian nasional LINK,0
98775,1,USER_MENTION biasanya kalo mau ujian nasional ada acara istigozah bersama,0
98776,1,USER_MENTION cc USER_MENTION fitra ada korupsi di proyek soal ujian nasional LINK via USER_MENTION,0
98777,2,LINK pake acara korupsi segala,0
98778,0,detik2 mendekati ujian nasional lebih baik utk sementara ini saya tekun belajar dulu lebih baik cape jari dri pada harus menulang th,1
98779,0,USER_MENTION resmi ujian nasional terdiri dari paket serta menggunakan sistem barcode dimensi tanpa kode naskah.,1
98780,1,USER_MENTION gtgt LINK kisikisi soal ujian nasional un sd smp sma smk sederajat,0
98781,1,USER_MENTION USER_MENTION cc USER_MENTION fitra ada korupsi di proyek soal ujian nasional LINK via USER_MENTION,0
98782,1,USER_MENTION gtgt LINK kisikisi soal ujian nasional un sd smp sma smk sederajat,0
98783,1,USER_MENTION cc USER_MENTION fitra ada korupsi di proyek soal ujian nasional LINK via USER_MENTION,0
98784,2,ujian nasional bakal jadi best jokes di april mop. eeeaa,0
98785,1,USER_MENTION cc USER_MENTION fitra ada korupsi di proyek soal ujian nasional LINK via USER_MENTION,0
98786,1,fak lah susah dikorupsi pulo USER_MENTION cc USER_MENTION fitra ada korupsi di proyek soal ujian nasional LINK,-1
98787,1,USER_MENTION pdktnya jadiannya cuma itulah ujian nasional,0
98788,1,USER_MENTION h17 ujian nasional,0
98789,1,USER_MENTION USER_MENTION h16 menuju ujian nasional,0
98790,1,USER_MENTION cc USER_MENTION fitra ada korupsi di proyek soal ujian nasional LINK via USER_MENTION,0
98791,0,strategi ini bisa dipakai untuk sukses di ujian nasional menjelang ujian nasional un siswa tahun akhi LINK,1
98792,0,strategi ini bisa dipakai untuk sukses di ujian nasional menjelang ujian nasional un siswa tahun akhi LINK,1
98793,1,USER_MENTION cc USER_MENTION fitra ada korupsi di proyek soal ujian nasional LINK via USER_MENTION,0
98794,2,hari lagi menuju paket ujian nasional,0
98795,2,wah galau ujian nasional nih,0
98796,0,to own own aku izin gak on selama bulan april full karena aku akan menghadapi ujian nasional un ni paket own LINK,1
98797,1,USER_MENTION h16 menuju ujian nasional,0
98798,1,USER_MENTION cc USER_MENTION fitra ada korupsi di proyek soal ujian nasional LINK via USER_MENTION,0
98799,1,USER_MENTION cc USER_MENTION fitra ada korupsi di proyek soal ujian nasional LINK via USER_MENTION,0
98800,1,USER_MENTION cc USER_MENTION fitra ada korupsi di proyek soal ujian nasional LINK via USER_MENTION,0
98801,1,USER_MENTION cc USER_MENTION fitra ada korupsi di proyek soal ujian nasional LINK via USER_MENTION,0
98802,1,ganbatte kakak kakaknyaaa USER_MENTION h17 ujian nasional,0
98803,1,USER_MENTION cc USER_MENTION fitra ada korupsi di proyek soal ujian nasional LINK via USER_MENTION,0
98804,1,USER_MENTION cc USER_MENTION fitra ada korupsi di proyek soal ujian nasional LINK via USER_MENTION,0
98805,1,USER_MENTION cc USER_MENTION fitra ada korupsi di proyek soal ujian nasional LINK via USER_MENTION,0
98806,1,kita cuma mau lulus bkn jd lahan bisnis USER_MENTION fitra ada korupsi di proyek soal ujian nasional LINK via USER_MENTION,0
98807,1,USER_MENTION cc USER_MENTION fitra ada korupsi di proyek soal ujian nasional LINK via USER_MENTION,0
98808,1,USER_MENTION cc USER_MENTION fitra ada korupsi di proyek soal ujian nasional LINK via USER_MENTION,0
98809,1,USER_MENTION cc USER_MENTION fitra ada korupsi di proyek soal ujian nasional LINK via USER_MENTION,0
98810,1,ooo jelassss USER_MENTION cc USER_MENTION fitra ada korupsi di proyek soal ujian nasional LINK,0
98811,1,USER_MENTION cc USER_MENTION fitra ada korupsi di proyek soal ujian nasional LINK via USER_MENTION,0
98812,1,USER_MENTION h17 ujian nasional,0
98813,0,ajaran ta ajarinUSER_MENTION haha ajaran atuh mel d USER_MENTION udah ujian sekolah mah tgl ujian nasional teh. manage sing bisa n,0
98814,1,USER_MENTION cc USER_MENTION fitra ada korupsi di proyek soal ujian nasional LINK via USER_MENTION,0
98815,1,USER_MENTION cc USER_MENTION fitra ada korupsi di proyek soal ujian nasional LINK via USER_MENTION,0
98816,1,USER_MENTION cc USER_MENTION fitra ada korupsi di proyek soal ujian nasional LINK via USER_MENTION,0
98817,1,USER_MENTION cc USER_MENTION fitra ada korupsi di proyek soal ujian nasional LINK via USER_MENTION,0
98818,1,USER_MENTION cc USER_MENTION fitra ada korupsi di proyek soal ujian nasional LINK via USER_MENTION,0
98819,1,USER_MENTION cc USER_MENTION fitra ada korupsi di proyek soal ujian nasional LINK via USER_MENTION,0
98820,1,USER_MENTION cc USER_MENTION fitra ada korupsi di proyek soal ujian nasional LINK via USER_MENTION,0
98821,1,siap kak mksh yaa USER_MENTION semangat de ghazlina_jaee h16 menuju ujian nasional,1
98822,1,USER_MENTION cc USER_MENTION fitra ada korupsi di proyek soal ujian nasional LINK via USER_MENTION,0
98823,1,padahal mah puyeng wkwk USER_MENTION enjooy kok b USER_MENTION cieee puyeng cieeee febbyliass h17 menuju ujian nasional. ciee,0
98824,1,USER_MENTION gtgt LINK kisikisi soal ujian nasional un sd smp sma smk sederajat,0
98825,1,USER_MENTION cc USER_MENTION fitra ada korupsi di proyek soal ujian nasional LINK via USER_MENTION,0
98826,2,h17 ujian nasional,0
98827,0,USER_MENTION h17 menuju ujian nasional semoga seluruh sma smk dan ma di indonesia lulus amiin o dan selamat pagi semua,1
98828,0,USER_MENTION tahukah kamu. finlandia amerika jerman kanada dan australia adalah negara maju tanpa ujian nasional. USER_MENTION,1
98829,1,USER_MENTION rahasia sukses ujian nasional kunjungi website di bio kami dan follow USER_MENTION,1
98830,1,USER_MENTION rahasia sukses ujian nasional kunjungi website di bio kami dan follow USER_MENTION,1
98831,1,USER_MENTION rahasia sukses ujian nasional kunjungi website di bio kami dan follow USER_MENTION,1
98832,0,USER_MENTION tahukah kamu. finlandia amerika jerman kanada dan australia adalah negara maju tanpa ujian nasional. USER_MENTION,1
98833,1,USER_MENTION lembar soal ujian nasional sepaket dengan ljun LINK,0
98834,1,USER_MENTION h17 menuju ujian nasional,0
98835,1,USER_MENTION h16 menuju ujian nasional,0
98836,0,USER_MENTION asaustraliafinlandiajerman dan kanada adlh negara maju tanpa un ujian nasional. gimana kalo indonesia mengikuti sistem seperti itu,1
98837,2,hari menuju ujian nasional sma,0
98838,1,USER_MENTION gtgt LINK kisikisi soal ujian nasional un sd smp sma smk sederajat,0
98839,1,enjooy kok b USER_MENTION cieee puyeng cieeee febbyliass h17 menuju ujian nasional. ciee un ciee paket ciee,0
98840,0,USER_MENTION tahukah kamu. finlandia amerika jerman kanada dan australia adalah negara maju tanpa ujian nasional. USER_MENTION,1
98841,0,USER_MENTION h17 menuju ujian nasional semoga seluruh sma smk dan ma di indonesia lulus amiin o dan selamat pagi semua,1
98842,0,sekarang ngomongnya pake bahasa indo aja yee d adm bakal jarang on soalnya mau ujian nasional hugs,-1
98843,1,USER_MENTION gtgt LINK kisikisi soal ujian nasional un sd smp sma smk sederajat,0
98844,1,gak lulus pleasert USER_MENTION bacot bgt ya ampun USER_MENTION cie gak lulus ciert febbyliass h17 menuju ujian nasional. ciee un,1
98845,2,h16 menuju ujian nasional,0
98846,1,USER_MENTION gtgt LINK kisikisi soal ujian nasional un sd smp sma smk sederajat,0
98847,1,cc USER_MENTION fitra ada korupsi di proyek soal ujian nasional LINK via USER_MENTION,0
98848,0,udah ujian sekolah mah tgl ujian nasional teh. manage sing bisa na motor gera USER_MENTION iya dong udah ujiannya jyahh klo bisa mah,0
98849,0,indonesia kapan USER_MENTION tahukah kamu. finlandia amerika jerman kanada dan australia adalah negara maju tanpa ujian nasional.,1
98850,1,bacot bgt ya ampun USER_MENTION cie gak lulus ciert febbyliass h17 menuju ujian nasional. ciee un ciee paket ciee,1
98851,2,h17 menuju ujian nasional,0
98852,2,hari menuju ujian nasional,0
98853,0,USER_MENTION tahukah kamu. finlandia amerika jerman kanada dan australia adalah negara maju tanpa ujian nasional. USER_MENTION,1
98854,2,hai bot imut here yoona sedang fokus belajar untuk ujian nasionaldoain cobaada perlumentiondm juseyo,1
98855,1,USER_MENTION kunci jawaban ujian nasional adalah duit doa usaha ikhtiar dan tawakkal.,0
98856,1,cieee puyeng cieeee USER_MENTION h17 menuju ujian nasional. ciee un ciee paket ciee,0
98857,1,USER_MENTION gtgt LINK kisikisi soal ujian nasional un sd smp sma smk sederajat,0
98858,1,USER_MENTION h17 menuju ujian nasional. ciee un ciee paket ciee,0
98859,2,ujian nasional didepan mata uti. inget,1
98860,1,cie gak lulus ciert USER_MENTION h17 menuju ujian nasional. ciee un ciee paket ciee,0
98861,1,USER_MENTION h17 menuju ujian nasional. ciee un ciee paket ciee,0
98862,1,USER_MENTION gtgt LINK kisikisi soal ujian nasional un sd smp sma smk sederajat,0
98863,2,h17 menuju ujian nasional. ciee un ciee paket ciee,0
98864,2,ujian nasional sma hari lagii,0
98865,1,USER_MENTION your welcome aman aja kak. bntr lg mau ujian nasional nih doain ya kak biar nilainya bgs hhehe d,1
98866,1,USER_MENTION gtgt LINK kisikisi soal ujian nasional un sd smp sma smk sederajat,0
98867,1,USER_MENTION gtgt LINK kisikisi soal ujian nasional un sd smp sma smk sederajat,0
98868,1,USER_MENTION gtgt LINK kisikisi soal ujian nasional un sd smp sma smk sederajat,0
98869,1,USER_MENTION buat saat ini fokus ujian nasional fokus ke karir o,1
98870,1,USER_MENTION gtgt LINK kisikisi soal ujian nasional un sd smp sma smk sederajat,0
98871,0,USER_MENTION tahukah kamu. finlandia amerika jerman kanada dan australia adalah negara maju tanpa ujian nasional. USER_MENTION,1
98872,1,datang kauUSER_MENTION lembar soal ujian nasional sepaket dengan ljun,0
98873,1,USER_MENTION gtgt LINK kisikisi soal ujian nasional un sd smp sma smk sederajat,0
98874,0,USER_MENTION tahukah kamu. finlandia amerika jerman kanada dan australia adalah negara maju tanpa ujian nasional. USER_MENTION,1
98875,0,USER_MENTION ujian nasional jangan dibawa stres jalanin aja kayak ujianujian sebelumnya. nanti malah sakit kayak saya.,0
98876,1,USER_MENTION gtgt LINK kisikisi soal un sd smp sma smk sederajat,0
98877,1,USER_MENTION idd ujian nasional anu,0
98878,0,USER_MENTION tahukah kamu. finlandia amerika jerman kanada dan australia adalah negara maju tanpa ujian nasional. USER_MENTION,1
98879,0,ujian nasional kesabaran. belajarnya setiap hari. quiz nya mendadak. passing gradenya absolut a. ga dapet a ga lulus.,0
98880,1,USER_MENTION its about ujian nasional LINK,0
98881,1,USER_MENTION beberapa hari lagi ujian nasional,0
98882,0,USER_MENTION tahukah kamu. finlandia amerika jerman kanada dan australia adalah negara maju tanpa ujian nasional. USER_MENTION,1
98883,1,USER_MENTION sangat amat belum siap hadapi ujian nasional tt,1
98884,1,USER_MENTION USER_MENTION tahukah kamu. finlandia amerika jerman kanada dan australia adalah negara maju tanpa ujian nasional. USER_MENTION,1
98885,1,USER_MENTION gtgt LINK kisikisi soal ujian nasional un sd smp sma smk sederajat,0
98886,1,USER_MENTION gtgt LINK kisikisi soal ujian nasional un sd smp sma smk sederajat,0
98887,1,USER_MENTION gtgt LINK kisikisi soal ujian nasional un sd smp sma smk sederajat,0
98888,1,USER_MENTION gtgt LINK kisikisi soal ujian nasional un sd smp sma smk sederajat,0
98889,1,USER_MENTION gtgt LINK kisikisi soal ujian nasional un sd smp sma smk sederajat,0
98890,1,USER_MENTION gtgt LINK kisikisi soal ujian nasional un sd smp sma smk sederajat,0
98891,0,anda benar sekali smangatt kaka USER_MENTION kunci jawaban ujian nasional adalah duit doa usaha ikhtiar dan tawakkal.,0
98892,1,USER_MENTION gtgt LINK kisikisi soal ujian nasional un sd smp sma smk sederajat,0
98893,0,ujian nasional didepan mata paket optimis semua smk terutama smk pgri lulus dan dapet kerjaan yang enak amin,1
98894,1,sakuan nyk beray USER_MENTION skip lah skip un mah ke deui we USER_MENTION menghitung hari menuju ujian nasional yah,0
98895,1,USER_MENTION gtgt LINK kisikisi soal ujian nasional un sd smp sma smk sederajat,0
98896,2,lembar soal ujian nasional sepaket dengan ljun,0
98897,2,sangat amat belum siap hadapi ujian nasional tt,1
98898,1,paket loh USER_MENTION astaagaaa ujian nasional h17,0
98899,0,USER_MENTION tahukah kamu. finlandia amerika jerman kanada dan australia adalah negara maju tanpa ujian nasional. USER_MENTION,1
98900,1,USER_MENTION gtgt LINK kisikisi soal ujian nasional un sd smp sma smk sederajat,0
98901,2,beberapa hari lagi ujian nasional,0
98902,1,USER_MENTION gtgt LINK kisikisi soal ujian nasional un sd smp sma smk sederajat,0
98903,0,USER_MENTION tahukah kamu. finlandia amerika jerman kanada dan australia adalah negara maju tanpa ujian nasional. USER_MENTION,1
98904,1,USER_MENTION gtgt LINK kisikisi soal ujian nasional un sd smp sma smk sederajat,0
98905,1,USER_MENTION gtgt LINK kisikisi soal ujian nasional un sd smp sma smk sederajat,0
98906,1,USER_MENTION gtgt LINK kisikisi soal ujian nasional un sd smp sma smk sederajat,0
98907,1,USER_MENTION gtgt LINK kisikisi soal ujian nasional un sd smp sma smk sederajat,0
98908,1,y USER_MENTION kunci jawaban ujian nasional adalah duit doa usaha ikhtiar dan tawakkal.,0
98909,1,USER_MENTION gtgt LINK kisikisi soal ujian nasional un sd smp sma smk sederajat,0
98910,1,USER_MENTION gtgt LINK kisikisi soal ujian nasional un sd smp sma smk sederajat,0
98911,1,USER_MENTION gtgt LINK kisikisi soal ujian nasional un sd smp sma smk sederajat,0
98912,1,USER_MENTION gtgt LINK kisikisi soal ujian nasional un sd smp sma smk sederajat,0
98913,1,monggo dicoba USER_MENTION gtgt LINK kisikisi soal ujian nasional un sd smp sma smk sederajat,0
98914,1,USER_MENTION gtgt LINK kisikisi soal ujian nasional un sd smp sma smk sederajat,0
98915,1,USER_MENTION gtgt LINK kisikisi soal ujian nasional un sd smp sma smk sederajat,0
98916,1,USER_MENTION gtgt LINK kisikisi soal ujian nasional un sd smp sma smk sederajat,0
98917,2,kunci jawaban ujian nasional adalah duit doa usaha ikhtiar dan tawakkal.,0
98918,0,USER_MENTION tahukah kamu. finlandia amerika jerman kanada dan australia adalah negara maju tanpa ujian nasional. USER_MENTION,1
98919,1,USER_MENTION gtgt LINK kisikisi soal ujian nasional un sd smp sma smk sederajat,0
98920,1,USER_MENTION USER_MENTION gtgt LINK kisikisi soal ujian nasional un sd smp sma smk sederajat,0
98921,0,ujian nasional tinggal menghitung hariberkati aku agar selalu sehat tuhan hingga saat hari h dimulai,1
98922,1,iyaaaaa udah kangen nihUSER_MENTION iyaaa del terus cus kumpul ino yaaa USER_MENTION tinggal ujian nasional yaaUSER_MENTION,0
98923,1,USER_MENTION gtgt LINK kisikisi soal ujian nasional un sd smp sma smk sederajat,0
98924,1,USER_MENTION gtgt LINK kisikisi soal ujian nasional un sd smp sma smk sederajat,0
98925,1,USER_MENTION kaka dk ikut lgi dek lombany kan pas kaka ujian nasional,0
98926,1,USER_MENTION gtgt LINK kisikisi soal ujian nasional un sd smp sma smk sederajat,0
98927,1,USER_MENTION gtgt LINK kisikisi soal ujian nasional un sd smp sma smk sederajat,0
98928,0,USER_MENTION tahukah kamu. finlandia amerika jerman kanada dan australia adalah negara maju tanpa ujian nasional. USER_MENTION,1
98929,1,USER_MENTION gtgt LINK kisikisi soal ujian nasional un sd smp sma smk sederajat,0
98930,1,USER_MENTION gtgt LINK kisikisi soal ujian nasional un sd smp sma smk sederajat,0
98931,1,USER_MENTION gtgt LINK kisikisi soal ujian nasional un sd smp sma smk sederajat,0
98932,1,USER_MENTION gtgt LINK kisikisi soal ujian nasional un sd smp sma smk sederajat,0
98933,1,USER_MENTION gtgt LINK kisikisi soal ujian nasional un sd smp sma smk sederajat,0
98934,1,skip lah skip un mah ke deui we USER_MENTION menghitung hari menuju ujian nasional yah,0
98935,1,USER_MENTION gtgt LINK kisikisi soal ujian nasional un sd smp sma smk sederajat,0
98936,1,USER_MENTION gtgt LINK kisikisi soal ujian nasional un sd smp sma smk sederajat,0
98937,1,USER_MENTION gtgt LINK kisikisi soal ujian nasional un sd smp sma smk sederajat,0
98938,1,USER_MENTION gtgt LINK kisikisi soal ujian nasional un sd smp sma smk sederajat,0
98939,1,USER_MENTION gtgt LINK kisikisi soal ujian nasional un sd smp sma smk sederajat,0
98940,1,USER_MENTION gtgt LINK kisikisi soal ujian nasional un sd smp sma smk sederajat,0
98941,1,USER_MENTION gtgt LINK kisikisi soal ujian nasional un sd smp sma smk sederajat,0
98942,1,USER_MENTION gtgt LINK kisikisi soal ujian nasional un sd smp sma smk sederajat,0
98943,1,USER_MENTION gtgt LINK kisikisi soal ujian nasional un sd smp sma smk sederajat,0
98944,1,USER_MENTION gtgt LINK kisikisi soal ujian nasional un sd smp sma smk sederajat,0
98945,2,gtgt LINK kisikisi soal ujian nasional un sd smp sma smk sederajat,0
98946,1,USER_MENTION lembar soal ujian nasional sepaket dengan ljun LINK,0
98947,2,menghitung hari menuju ujian nasional yah,0
98948,1,USER_MENTION pengawas ujian nasional smasmk minimal berpendidikan s2 LINK beritajatim,0
98949,0,USER_MENTION tahukah kamu. finlandia amerika jerman kanada dan australia adalah negara maju tanpa ujian nasional. USER_MENTION,1
98950,0,USER_MENTION tahukah kamu. finlandia amerika jerman kanada dan australia adalah negara maju tanpa ujian nasional. USER_MENTION,1
98951,1,iyaaa del terus cus kumpul ino yaaa USER_MENTION tinggal ujian nasional yaaUSER_MENTION alhamdulillah us done,1
98952,0,USER_MENTION tahukah kamu. finlandia amerika jerman kanada dan australia adalah negara maju tanpa ujian nasional. USER_MENTION,1
98953,1,menarek USER_MENTION pengawas ujian nasional smasmk minimal berpendidikan s2 LINK beritajatim,0
98954,1,USER_MENTION USER_MENTION bismillah semoga lulus ujian nasional nanti.aminyarobbalalamin,0
98955,0,USER_MENTION tahukah kamu. finlandia amerika jerman kanada dan australia adalah negara maju tanpa ujian nasional. USER_MENTION,1
98956,0,USER_MENTION enake USER_MENTION tahukah kamu. finlandia amerika jerman kanada dan australia adalah negara maju tanpa ujian nasional.,1
98957,0,USER_MENTION tahukah kamu. finlandia amerika jerman kanada dan australia adalah negara maju tanpa ujian nasional. USER_MENTION,1
98958,1,USER_MENTION USER_MENTION its about ujian nasional LINK oleh USER_MENTION,0
98959,0,asaustraliafinlandiajerman dan kanada adlh negara maju tanpa un ujian nasional. gimana kalo indonesia mengikuti sistem seperti itu,1
98960,0,USER_MENTION tahukah kamu. finlandia amerika jerman kanada dan australia adalah negara maju tanpa ujian nasional. USER_MENTION,1
98961,0,USER_MENTION tahukah kamu. finlandia amerika jerman kanada dan australia adalah negara maju tanpa ujian nasional. USER_MENTION,1
98962,1,tetep wae sue USER_MENTION sabar minggu neh USER_MENTION ayoo cepet2 ujian nasional cepet2 fokus liburan,0
98963,1,USER_MENTION ayoo cepet2 ujian nasional cepet2 fokus liburan,0
98964,1,omg USER_MENTION lembar soal ujian nasional sepaket dengan ljun LINK,0
98965,0,USER_MENTION USER_MENTION tahukah kamu. finlandia amerika jerman kanada dan australia adalah negara maju tanpa ujian nasional.,1
98966,0,USER_MENTION tahukah kamu. finlandia amerika jerman kanada dan australia adalah negara maju tanpa ujian nasional. USER_MENTION,1
98967,0,USER_MENTION h18 ujian nasional. gak berasa udah hkepala satu. semangat kawan seperjuangan,0
98968,1,USER_MENTION ujian nasional aja belom sapa tempuh,0
98969,1,sabar minggu neh USER_MENTION ayoo cepet2 ujian nasional cepet2 fokus liburan,1
98970,0,USER_MENTION enake USER_MENTION tahukah kamu. finlandia amerika jerman kanada dan australia adalah negara maju tanpa ujian nasional.,1
98971,1,USER_MENTION apa itu sudah pasti USER_MENTION lembar soal ujian nasional sepaket dengan ljun LINK,0
98972,0,USER_MENTION tahukah kamu. finlandia amerika jerman kanada dan australia adalah negara maju tanpa ujian nasional. USER_MENTION,1
98973,0,USER_MENTION tahukah kamu. finlandia amerika jerman kanada dan australia adalah negara maju tanpa ujian nasional. USER_MENTION,1
98974,1,apa itu sudah pasti USER_MENTION lembar soal ujian nasional sepaket dengan ljun LINK,0
98975,1,USER_MENTION penting diperhatikan saat ujian nasional LINK,1
98976,0,USER_MENTION tahukah kamu. finlandia amerika jerman kanada dan australia adalah negara maju tanpa ujian nasional. USER_MENTION,1
98977,1,USER_MENTION cc USER_MENTION USER_MENTION tahukah kamu. finlandia amerika jerman kanada dan australia adalah negara maju tanpa ujian nasional.,1
98978,0,enake USER_MENTION tahukah kamu. finlandia amerika jerman kanada dan australia adalah negara maju tanpa ujian nasional.,1
98979,1,USER_MENTION faktor penentu kelulusan ujian nasional LINK,0
98980,0,USER_MENTION tahukah kamu. finlandia amerika jerman kanada dan australia adalah negara maju tanpa ujian nasional. USER_MENTION,1
98981,0,USER_MENTION tahukah kamu. finlandia amerika jerman kanada dan australia adalah negara maju tanpa ujian nasional. USER_MENTION,1
98982,0,USER_MENTION tahukah kamu. finlandia amerika jerman kanada dan australia adalah negara maju tanpa ujian nasional. USER_MENTION,1
98983,1,USER_MENTION USER_MENTION tanggal berapa ko ujian nasional,0
98984,0,USER_MENTION tahukah kamu. finlandia amerika jerman kanada dan australia adalah negara maju tanpa ujian nasional. USER_MENTION,1
98985,1,USER_MENTION ayoo cepet2 ujian nasional cepet2 fokus liburan,0
98986,1,USER_MENTION cc USER_MENTION USER_MENTION tahukah kamu. finlandia amerika jerman kanada dan australia adalah negara maju tanpa ujian nasional.,1
98987,0,USER_MENTION tahukah kamu. finlandia amerika jerman kanada dan australia adalah negara maju tanpa ujian nasional.,1
98988,2,ayoo cepet2 ujian nasional cepet2 fokus liburan,0
98989,0,USER_MENTION tahukah kamu. finlandia amerika jerman kanada dan australia adalah negara maju tanpa ujian nasional. USER_MENTION,1
98990,0,cc USER_MENTION USER_MENTION tahukah kamu. finlandia amerika jerman kanada dan australia adalah negara maju tanpa ujian nasional.,1
98991,0,enak kali o.o USER_MENTION tahukah kamu. finlandia amerika jerman kanada dan australia adalah negara maju tanpa ujian nasional.,1
98992,0,USER_MENTION ya allah semoga saya lulus ujian nasional thn dgn nilai semuanyadpt sertifikat sekolah. dan bukan hny semoga aja amin USER_MENTION,1
98993,0,USER_MENTION tahukah kamu. finlandia amerika jerman kanada dan australia adalah negara maju tanpa ujian nasional. USER_MENTION,1
98994,1,USER_MENTION kan situ pek ujian nasional,0
98995,0,USER_MENTION tahukah kamu. finlandia amerika jerman kanada dan australia adalah negara maju tanpa ujian nasional. USER_MENTION,1
98996,0,USER_MENTION tahukah kamu. finlandia amerika jerman kanada dan australia adalah negara maju tanpa ujian nasional. USER_MENTION,1
98997,1,USER_MENTION USER_MENTION mengerikan sufianura USER_MENTION ujian nasional kurang berapa hari lagi tweeps,-1
98998,0,USER_MENTION h18 ujian nasional. kebut materiiiii haphaphap. gaada kata santai mulai hari ini. semua harus terprogram. bismillaahirrahmaanirrahiim o,-1
98999,0,USER_MENTION tahukah kamu. finlandia amerika jerman kanada dan australia adalah negara maju tanpa ujian nasional. USER_MENTION,1
